"店铺","账号","视频标题","视频链接","发布时间","时长秒","播放量","点赞数","评论数","分享数","收藏数","互动率"
"ETCYY","user5835336672755","#bikini #swimsuit #tankini #tiktokbacktoschool ","https://www.tiktok.com/@MS4wLjABAAAAXuF2pGCa0ER5WqwZ1KB7GyADFtjtVr9dtL17wpZoSSxGlvXHRWZUSuik1Cxyd9WD/video/7677248192957762829","2026-08-23T23:24:26+08:00","15","16800","11","0","1","3","0.0007142857142857143"
"ETCYY","user5835336672755","#bikini #swimsuit #tankini #fyp ","https://www.tiktok.com/@MS4wLjABAAAAXuF2pGCa0ER5WqwZ1KB7GyADFtjtVr9dtL17wpZoSSxGlvXHRWZUSuik1Cxyd9WD/video/7680961638475861262","2026-09-03T03:03:00+08:00","15","12900","12","0","1","3","0.0010077519379844962"
"ETCYY","user5835336672755","#bikini #swimsuit #tankini #tiktokbacktoschool ","https://www.tiktok.com/@MS4wLjABAAAAXuF2pGCa0ER5WqwZ1KB7GyADFtjtVr9dtL17wpZoSSxGlvXHRWZUSuik1Cxyd9WD/video/7679139925484113166","2026-08-29T01:45:02+08:00","15","11200","5","0","1","2","0.0005357142857142857"
"ETCYY","user5835336672755","#bikini #swimsuit #tankini #fyp ","https://www.tiktok.com/@MS4wLjABAAAAXuF2pGCa0ER5WqwZ1KB7GyADFtjtVr9dtL17wpZoSSxGlvXHRWZUSuik1Cxyd9WD/video/7680961259130408206","2026-09-03T01:02:00+08:00","15","10800","9","0","0","0","0.0008333333333333334"
"ETCYY-US","wardrobepicked","ETCYY Sexy Deep V Neck HalterCrop Top for Women#fyp #tiktokshopmemori...","https://www.tiktok.com/@MS4wLjABAAAA-KhelFlYiQz8vPYpnvp-W4flOK_khCxv3qHvtIHVSb7eH_s2sSz3h2HyLbrplwEw/video/7681257918972415262","2026-09-03T18:44:03+08:00","14","10100","44","0","2","10","0.004554455445544554"
"ETCYY-US","wardrobepicked","ETCYY NEW Women's ElegantFloral Lace Patchwork Long Sleeve Blouse#fyp...","https://www.tiktok.com/@MS4wLjABAAAA-KhelFlYiQz8vPYpnvp-W4flOK_khCxv3qHvtIHVSb7eH_s2sSz3h2HyLbrplwEw/video/7680876630264352030","2026-09-02T18:04:25+08:00","11","10100","21","0","3","7","0.002376237623762376"
"ETCYY","user5835336672755","#bikini #swimsuit #tankini #tiktokbacktoschool ","https://www.tiktok.com/@MS4wLjABAAAAXuF2pGCa0ER5WqwZ1KB7GyADFtjtVr9dtL17wpZoSSxGlvXHRWZUSuik1Cxyd9WD/video/7676913474101890317","2026-08-23T03:15:00+08:00","15","7488","7","0","0","0","0.0009348290598290599"
"ETCYY","user5835336672755","#bikini #swimsuit #tankini #tiktokbacktoschool ","https://www.tiktok.com/@MS4wLjABAAAAXuF2pGCa0ER5WqwZ1KB7GyADFtjtVr9dtL17wpZoSSxGlvXHRWZUSuik1Cxyd9WD/video/7677248618771877133","2026-08-24T00:55:00+08:00","15","6796","9","0","2","5","0.001618599175985874"
"ETCYY","user5835336672755","#bikini #swimsuit #tankini #tiktokbacktoschool ","https://www.tiktok.com/@MS4wLjABAAAAXuF2pGCa0ER5WqwZ1KB7GyADFtjtVr9dtL17wpZoSSxGlvXHRWZUSuik1Cxyd9WD/video/7678539787913022734","2026-08-27T13:25:00+08:00","15","3937","1","0","1","1","0.000508001016002032"
"ETCYY-US","etcyy.outfits","#ootd#UniqueDesignShirt #WomensFashionBlouse#NavyBlueLayeredBlouse","https://www.tiktok.com/@MS4wLjABAAAAoQFJPQPYC22qIvVGvvvRC0g_My8pz54doaZlHyyB-tRzCgol_WB2xUmnrUdaPRmI/video/7678645061839572238","2026-08-27T19:15:00+08:00","15","3816","5","1","0","0","0.0015723270440251573"
"ETCYY-US","etcyy.shop","chic dress 🤍💫#dress #ootd #tiktokshopbacktoschool #backtoschooldress","https://www.tiktok.com/@MS4wLjABAAAAk77v-F906GlGTkZZ5pEuTXeDeihRllX-eae_barUoG6rv7_TlXAxE563gn3C1XXo/video/7679385589849918751","2026-08-29T17:39:29+08:00","13","3633","10","0","0","3","0.0027525461051472614"
"ETCYY-US","wardrobepicked","ETCYY Sexy Deep V Neck HalterCrop Top for Women#fyp #tiktokshopmemori...","https://www.tiktok.com/@MS4wLjABAAAA-KhelFlYiQz8vPYpnvp-W4flOK_khCxv3qHvtIHVSb7eH_s2sSz3h2HyLbrplwEw/video/7682006841248812319","2026-09-05T19:11:21+08:00","14","3330","15","0","1","6","0.004804804804804805"
"ETCYY-US","wardrobepicked","ETCYY NEW Women's ElegantFloral Lace Patchwork Long Sleeve Blouse#fyp...","https://www.tiktok.com/@MS4wLjABAAAA-KhelFlYiQz8vPYpnvp-W4flOK_khCxv3qHvtIHVSb7eH_s2sSz3h2HyLbrplwEw/video/7681986049601441055","2026-09-05T17:50:15+08:00","16","2707","4","0","0","2","0.0014776505356483192"
"ETCYY","user5835336672755","#bikini #swimsuit #tankini #tiktokbacktoschool ","https://www.tiktok.com/@MS4wLjABAAAAXuF2pGCa0ER5WqwZ1KB7GyADFtjtVr9dtL17wpZoSSxGlvXHRWZUSuik1Cxyd9WD/video/7678820505100635405","2026-08-28T07:34:00+08:00","15","2182","2","0","0","0","0.0009165902841429881"
"ETCYY-US","wardrobepicked","ETCYY NEW Women's ElegantFloral Lace Patchwork Long Sleeve Blouse#fyp...","https://www.tiktok.com/@MS4wLjABAAAA-KhelFlYiQz8vPYpnvp-W4flOK_khCxv3qHvtIHVSb7eH_s2sSz3h2HyLbrplwEw/video/7680144259181464863","2026-08-31T18:42:40+08:00","19","2036","3","1","0","0","0.0019646365422396855"
"ETCYY","user5835336672755","#bikini #swimsuit #tankini #tiktokbacktoschool ","https://www.tiktok.com/@MS4wLjABAAAAXuF2pGCa0ER5WqwZ1KB7GyADFtjtVr9dtL17wpZoSSxGlvXHRWZUSuik1Cxyd9WD/video/7678539240342375694","2026-08-27T11:40:00+08:00","15","2030","1","0","0","2","0.0004926108374384236"
"ETCYY-US","wardrobepicked","ETCYY NEW Women's ElegantFloral Lace Patchwork Long Sleeve Blouse#fyp...","https://www.tiktok.com/@MS4wLjABAAAA-KhelFlYiQz8vPYpnvp-W4flOK_khCxv3qHvtIHVSb7eH_s2sSz3h2HyLbrplwEw/video/7680483684452961567","2026-09-01T16:40:26+08:00","19","1789","2","0","0","0","0.0011179429849077697"
"ETCYY-US","etcyy.shop","good in person 🖤💫#mesh #blouse #outfit #tiktokshopbacktoschool #backt...","https://www.tiktok.com/@MS4wLjABAAAAk77v-F906GlGTkZZ5pEuTXeDeihRllX-eae_barUoG6rv7_TlXAxE563gn3C1XXo/video/7679725753226775838","2026-08-30T15:38:44+08:00","6","1747","5","0","0","5","0.0028620492272467086"
"ETCYY","user5835336672755","#bikini #swimsuit #tankini #tiktokbacktoschool ","https://www.tiktok.com/@MS4wLjABAAAAXuF2pGCa0ER5WqwZ1KB7GyADFtjtVr9dtL17wpZoSSxGlvXHRWZUSuik1Cxyd9WD/video/7677693094405377293","2026-08-25T04:10:55+08:00","15","1671","0","0","1","0","0.0005984440454817474"
"ETCYY","user5835336672755","#bikini #swimsuit #tankini #tiktokbacktoschool ","https://www.tiktok.com/@MS4wLjABAAAAXuF2pGCa0ER5WqwZ1KB7GyADFtjtVr9dtL17wpZoSSxGlvXHRWZUSuik1Cxyd9WD/video/7676914108762983693","2026-08-23T04:20:00+08:00","15","1594","1","0","0","0","0.0006273525721455458"
"ETCYY-US","etcyy_chic7","#comfyoutfit #ootd #EffortlssChic #fyp #minimalstyle ","https://www.tiktok.com/@MS4wLjABAAAAOZlo8VLhFzwQxaJz__FbmqrJNInlS5egBBy6-UlIZAlLyOJpocLBFn8VCUkjTHxW/video/7677400935919897870","2026-08-24T09:17:02+08:00","15","1537","2","0","0","0","0.0013012361743656475"
"ETCYY-US","etcyyus","blouse shirt#shirts #ootd #DealsForYouDays #tiktokshopholidayhaul","https://www.tiktok.com/@MS4wLjABAAAAyS0K7XiI6U2qU30yfAAxxzCeJhmkiy9nNrpamMAoKTZA6z_yoqAbUo4uI9Zh9AzN/video/7678981875863457054","2026-08-28T15:32:39+08:00","12","1491","2","0","0","0","0.0013413816230717639"
"ETCYY-US","wardrobepicked","ETCYY NEW Women's ElegantFloral Lace Patchwork Long Sleeve Blouse#fyp...","https://www.tiktok.com/@MS4wLjABAAAA-KhelFlYiQz8vPYpnvp-W4flOK_khCxv3qHvtIHVSb7eH_s2sSz3h2HyLbrplwEw/video/7679025836464311582","2026-08-29T03:47:00+08:00","20","1409","0","0","0","0","0"
"ETCYY","user5835336672755","#bikini #swimsuit #tankini #fyp ","https://www.tiktok.com/@MS4wLjABAAAAXuF2pGCa0ER5WqwZ1KB7GyADFtjtVr9dtL17wpZoSSxGlvXHRWZUSuik1Cxyd9WD/video/7682451808870042893","2026-09-06T23:57:08+08:00","15","1371","3","0","0","1","0.002188183807439825"
"ETCYY","user5835336672755","#bikini #swimsuit #tankini #tiktokbacktoschool ","https://www.tiktok.com/@MS4wLjABAAAAXuF2pGCa0ER5WqwZ1KB7GyADFtjtVr9dtL17wpZoSSxGlvXHRWZUSuik1Cxyd9WD/video/7678538828012866829","2026-08-27T10:52:33+08:00","15","1353","0","0","0","0","0"
"ETCYY-US","wardrobepicked","ETCYY Sexy Deep V Neck HalterCrop Top for Women#fyp #tiktokshopmemori...","https://www.tiktok.com/@MS4wLjABAAAA-KhelFlYiQz8vPYpnvp-W4flOK_khCxv3qHvtIHVSb7eH_s2sSz3h2HyLbrplwEw/video/7683107304455015710","2026-09-08T18:20:34+08:00","15","1341","15","0","0","2","0.011185682326621925"
"ETCYY-US","wardrobepicked","ETCYY   Women's   Denim Collar Sweater#fyp #tiktokshopmemorialday#for...","https://www.tiktok.com/@MS4wLjABAAAA-KhelFlYiQz8vPYpnvp-W4flOK_khCxv3qHvtIHVSb7eH_s2sSz3h2HyLbrplwEw/video/7680118007732964639","2026-08-31T17:01:15+08:00","15","1226","6","0","1","4","0.005709624796084829"
"ETCYY-US","wardrobepicked","ETCYY Sexy Deep V Neck HalterCrop Top for Women#fyp #tiktokshopmemori...","https://www.tiktok.com/@MS4wLjABAAAA-KhelFlYiQz8vPYpnvp-W4flOK_khCxv3qHvtIHVSb7eH_s2sSz3h2HyLbrplwEw/video/7681588080096103711","2026-09-04T16:05:55+08:00","12","1223","4","0","0","1","0.003270645952575634"
"ETCYY-US","etcyyus","fall instantly 🎀#maxidress #summersales #tiktokshopbacktoschool","https://www.tiktok.com/@MS4wLjABAAAAyS0K7XiI6U2qU30yfAAxxzCeJhmkiy9nNrpamMAoKTZA6z_yoqAbUo4uI9Zh9AzN/video/7678675604916538654","2026-08-27T19:43:30+08:00","15","1178","4","0","0","2","0.003395585738539898"
"ETCYY-US","wardrobepicked","ETCYY NEW Women's ElegantFloral Lace Patchwork Long Sleeve Blouse#fyp...","https://www.tiktok.com/@MS4wLjABAAAA-KhelFlYiQz8vPYpnvp-W4flOK_khCxv3qHvtIHVSb7eH_s2sSz3h2HyLbrplwEw/video/7682744583280692511","2026-09-07T18:53:56+08:00","18","1178","2","0","0","1","0.001697792869269949"
"ETCYY-US","etcyy.style","#ootd#WomensOfficeBlouse #StripedKnitTop #WorkWearForWomen ","https://www.tiktok.com/@MS4wLjABAAAAQ3FFLKyG0bIqEGSl9sECwwUSBa9ardtZjxuurrr8cU1J7aq2bG_vJhHFQ5YOavmm/video/7679024245917224205","2026-08-28T20:46:00+08:00","15","1166","0","0","0","0","0"
"ETCYY-US","etcyyus","blouse shirt#shirts #ootd #DealsForYouDays #tiktokshopholidayhaul","https://www.tiktok.com/@MS4wLjABAAAAyS0K7XiI6U2qU30yfAAxxzCeJhmkiy9nNrpamMAoKTZA6z_yoqAbUo4uI9Zh9AzN/video/7679013234912873758","2026-08-28T17:33:31+08:00","15","1162","2","0","0","0","0.0017211703958691911"
"ETCYY-US","wardrobepicked","ETCYY Women's Oversized Faux SuedeJacket,r#fyp #tiktokshopmemorialday...","https://www.tiktok.com/@MS4wLjABAAAA-KhelFlYiQz8vPYpnvp-W4flOK_khCxv3qHvtIHVSb7eH_s2sSz3h2HyLbrplwEw/video/7678996265077722399","2026-08-28T16:27:41+08:00","18","1151","2","0","0","0","0.0017376194613379669"
"ETCYY","user5835336672755","#bikini #swimsuit #tankini #tiktokbacktoschool ","https://www.tiktok.com/@MS4wLjABAAAAXuF2pGCa0ER5WqwZ1KB7GyADFtjtVr9dtL17wpZoSSxGlvXHRWZUSuik1Cxyd9WD/video/7677693615539309837","2026-08-25T05:42:00+08:00","15","1091","1","0","0","0","0.0009165902841429881"
"ETCYY","user5835336672755","#bikini #swimsuit #tankini #tiktokbacktoschool ","https://www.tiktok.com/@MS4wLjABAAAAXuF2pGCa0ER5WqwZ1KB7GyADFtjtVr9dtL17wpZoSSxGlvXHRWZUSuik1Cxyd9WD/video/7679140194641071374","2026-08-29T03:15:00+08:00","15","1031","1","0","0","0","0.0009699321047526673"
"ETCYY-US","wardrobepicked","ETCYY Sexy Deep V Neck HalterCrop Top for Women#fyp #tiktokshopmemori...","https://www.tiktok.com/@MS4wLjABAAAA-KhelFlYiQz8vPYpnvp-W4flOK_khCxv3qHvtIHVSb7eH_s2sSz3h2HyLbrplwEw/video/7682721879051767071","2026-09-07T17:25:47+08:00","12","945","6","0","0","1","0.006349206349206349"
"ETCYY","etfashion.chic","obsessed with how soft and high quality this feels 🐚🤎#swimwear #bikin...","https://www.tiktok.com/@MS4wLjABAAAAE5ssFIRGpZ7TixzpemcgiI6nSAJdZChEl0f0HlBe1H1O3ecaA6QWaEVDzfgLdcAn/video/7679357299101633806","2026-08-29T15:49:38+08:00","11","914","3","0","1","0","0.00437636761487965"
"ETCYY","user5835336672755","#bikini #swimsuit #tankini #tiktokbacktoschool ","https://www.tiktok.com/@MS4wLjABAAAAXuF2pGCa0ER5WqwZ1KB7GyADFtjtVr9dtL17wpZoSSxGlvXHRWZUSuik1Cxyd9WD/video/7676546485361724685","2026-08-22T03:30:00+08:00","15","903","1","0","0","0","0.0011074197120708748"
"ETCYY-US","etcyy_chic7","#comfyoutfit #ootd #EffortlssChic #fyp ","https://www.tiktok.com/@MS4wLjABAAAAOZlo8VLhFzwQxaJz__FbmqrJNInlS5egBBy6-UlIZAlLyOJpocLBFn8VCUkjTHxW/video/7676661428845055245","2026-08-22T09:27:22+08:00","15","896","5","0","0","1","0.005580357142857143"
"ETCYY-US","etcyy.shop","belted ruffled stripe dress#maxidress #summerdress #fashionfinds #Dea...","https://www.tiktok.com/@MS4wLjABAAAAk77v-F906GlGTkZZ5pEuTXeDeihRllX-eae_barUoG6rv7_TlXAxE563gn3C1XXo/video/7681241512797244702","2026-09-03T17:40:19+08:00","15","863","2","0","0","0","0.002317497103128621"
"ETCYY","user5835336672755","#bikini #swimsuit #tankini #tiktokbacktoschool ","https://www.tiktok.com/@MS4wLjABAAAAXuF2pGCa0ER5WqwZ1KB7GyADFtjtVr9dtL17wpZoSSxGlvXHRWZUSuik1Cxyd9WD/video/7676546946462518542","2026-08-22T04:59:00+08:00","15","832","1","0","0","1","0.001201923076923077"
"ETCYY","user5835336672755","#bikini #swimsuit #tankini #tiktokbacktoschool ","https://www.tiktok.com/@MS4wLjABAAAAXuF2pGCa0ER5WqwZ1KB7GyADFtjtVr9dtL17wpZoSSxGlvXHRWZUSuik1Cxyd9WD/video/7678819005833989390","2026-08-28T06:27:00+08:00","15","823","0","0","0","1","0"
"ETCYY-US","wardrobepicked","ETCYY NEW Women's ElegantFloral Lace Patchwork Long Sleeve Blouse#fyp...","https://www.tiktok.com/@MS4wLjABAAAA-KhelFlYiQz8vPYpnvp-W4flOK_khCxv3qHvtIHVSb7eH_s2sSz3h2HyLbrplwEw/video/7681644567031991582","2026-09-04T19:44:31+08:00","18","812","2","0","0","1","0.0024630541871921183"
"ETCYY","etfashion.chic","Comment “sale“，If you want a discount#swimwear #sale #ootd #DealsForY...","https://www.tiktok.com/@MS4wLjABAAAAE5ssFIRGpZ7TixzpemcgiI6nSAJdZChEl0f0HlBe1H1O3ecaA6QWaEVDzfgLdcAn/video/7682697177260510478","2026-09-07T15:49:04+08:00","11","804","0","0","0","0","0"
"ETCYY","etfashion.chic","the fit on this piece is beyond stunning#swimwear #bikini #ootd #summ...","https://www.tiktok.com/@MS4wLjABAAAAE5ssFIRGpZ7TixzpemcgiI6nSAJdZChEl0f0HlBe1H1O3ecaA6QWaEVDzfgLdcAn/video/7679002929084386573","2026-08-28T16:55:31+08:00","13","764","1","0","0","0","0.0013089005235602095"
"ETCYY","etcyychic","clearing out summer stock with crazy low prices ⚡️🌊#swimwear #bikini ...","https://www.tiktok.com/@MS4wLjABAAAA67cypz92QYqZmYg6fDgoLRPkXFvwonvRMfQTgbnU5iceQDLjyEX97uDleqIj141n/video/7679355804478131486","2026-08-29T15:43:26+08:00","8","756","0","0","0","0","0"
"ETCYY-US","wardrobepicked","ETCYY Sexy Deep V Neck HalterCrop Top for Women#fyp #tiktokshopmemori...","https://www.tiktok.com/@MS4wLjABAAAA-KhelFlYiQz8vPYpnvp-W4flOK_khCxv3qHvtIHVSb7eH_s2sSz3h2HyLbrplwEw/video/7680501965272435999","2026-09-01T17:51:01+08:00","16","742","0","0","0","0","0"
"ETCYY","etfashion.chic","hands down the most flattering piece I’ve bought#swimwear #bikini #oo...","https://www.tiktok.com/@MS4wLjABAAAAE5ssFIRGpZ7TixzpemcgiI6nSAJdZChEl0f0HlBe1H1O3ecaA6QWaEVDzfgLdcAn/video/7679032555236035853","2026-08-28T18:49:18+08:00","11","732","0","0","0","0","0"
"ETCYY","etcyychic","summer sale steals#swimwear #bikini #ootd #summersales #tiktokshopbac...","https://www.tiktok.com/@MS4wLjABAAAA67cypz92QYqZmYg6fDgoLRPkXFvwonvRMfQTgbnU5iceQDLjyEX97uDleqIj141n/video/7679031234663566623","2026-08-28T18:43:17+08:00","7","728","0","0","0","0","0"
"ETCYY-US","etcyy.shop","flattering 🕊️🤍#dress #ootd #tiktokshopbacktoschool #backtoschooldress","https://www.tiktok.com/@MS4wLjABAAAAk77v-F906GlGTkZZ5pEuTXeDeihRllX-eae_barUoG6rv7_TlXAxE563gn3C1XXo/video/7679355080377732382","2026-08-29T15:40:34+08:00","15","722","2","0","0","0","0.002770083102493075"
"ETCYY","etfashion.chic","Comment “sale“，If you want a discount#swimwear #sale #ootd #DealsForY...","https://www.tiktok.com/@MS4wLjABAAAAE5ssFIRGpZ7TixzpemcgiI6nSAJdZChEl0f0HlBe1H1O3ecaA6QWaEVDzfgLdcAn/video/7682712259356790030","2026-09-07T16:48:44+08:00","9","710","0","0","0","0","0"
"ETCYY-US","wardrobepicked","ETCYY Women's Oversized Faux SuedeJacket,r#fyp #tiktokshopmemorialday...","https://www.tiktok.com/@MS4wLjABAAAA-KhelFlYiQz8vPYpnvp-W4flOK_khCxv3qHvtIHVSb7eH_s2sSz3h2HyLbrplwEw/video/7680080152864328991","2026-08-31T14:34:13+08:00","19","702","1","0","0","0","0.0014245014245014246"
"ETCYY","etfashion.chic","every resort trip from now on 🌴#swimwear #bikini #ootd #summersales #...","https://www.tiktok.com/@MS4wLjABAAAAE5ssFIRGpZ7TixzpemcgiI6nSAJdZChEl0f0HlBe1H1O3ecaA6QWaEVDzfgLdcAn/video/7679729066664021261","2026-08-30T15:52:03+08:00","12","685","0","0","0","0","0"
"ETCYY-US","wardrobepicked","[GUNEST] Women's SummerSmocked Midi Dress-V-neck#summerfinds #tiktoks...","https://www.tiktok.com/@MS4wLjABAAAA-KhelFlYiQz8vPYpnvp-W4flOK_khCxv3qHvtIHVSb7eH_s2sSz3h2HyLbrplwEw/video/7681212037376101662","2026-09-03T15:47:03+08:00","19","676","0","0","0","0","0"
"ETCYY","user5835336672755","#bikini #swimsuit #tankini #tiktokbacktoschool ","https://www.tiktok.com/@MS4wLjABAAAAXuF2pGCa0ER5WqwZ1KB7GyADFtjtVr9dtL17wpZoSSxGlvXHRWZUSuik1Cxyd9WD/video/7676178685321383181","2026-08-21T03:50:00+08:00","15","673","0","0","0","0","0"
"ETCYY","etcyychic","don’t wait on this massive end-of-summer deal#swimwear #bikini #ootd ...","https://www.tiktok.com/@MS4wLjABAAAA67cypz92QYqZmYg6fDgoLRPkXFvwonvRMfQTgbnU5iceQDLjyEX97uDleqIj141n/video/7679386325774109982","2026-08-29T17:42:15+08:00","6","671","0","0","0","0","0"
"ETCYY","etcyychic","huge discount alert on this gorgeous resort piece 🚨#swimwear #bikini ...","https://www.tiktok.com/@MS4wLjABAAAA67cypz92QYqZmYg6fDgoLRPkXFvwonvRMfQTgbnU5iceQDLjyEX97uDleqIj141n/video/7679001570356366623","2026-08-28T16:48:15+08:00","7","665","0","1","0","0","0.0015037593984962407"
"ETCYY-US","etcyy.shop","lifting tonight ✨🌙#mesh #blouse #outfit #tiktokshopbacktoschool #back...","https://www.tiktok.com/@MS4wLjABAAAAk77v-F906GlGTkZZ5pEuTXeDeihRllX-eae_barUoG6rv7_TlXAxE563gn3C1XXo/video/7679000615543967006","2026-08-28T16:44:29+08:00","10","658","1","0","0","1","0.001519756838905775"
"ETCYY","user5835336672755","#bikini #swimsuit #tankini #tiktokbacktoschool ","https://www.tiktok.com/@MS4wLjABAAAAXuF2pGCa0ER5WqwZ1KB7GyADFtjtVr9dtL17wpZoSSxGlvXHRWZUSuik1Cxyd9WD/video/7676545852797701389","2026-08-22T01:58:45+08:00","15","658","1","0","0","0","0.001519756838905775"
"ETCYY-US","etcyy_chic7","meet the newest star of our autumn collection 🍁#jacket #coat #fallout...","https://www.tiktok.com/@MS4wLjABAAAAOZlo8VLhFzwQxaJz__FbmqrJNInlS5egBBy6-UlIZAlLyOJpocLBFn8VCUkjTHxW/video/7680869533996813581","2026-09-02T17:36:53+08:00","10","649","0","0","0","0","0"
"ETCYY-US","etcyy.shop","Comment “sale“，If you want a discount#2pieceset #outfit #fyp #tiktoks...","https://www.tiktok.com/@MS4wLjABAAAAk77v-F906GlGTkZZ5pEuTXeDeihRllX-eae_barUoG6rv7_TlXAxE563gn3C1XXo/video/7683466906749226270","2026-09-09T17:36:00+08:00","15","641","1","0","0","0","0.0015600624024961"
"ETCYY-US","etcyy.shop","denim trim waffle polo#shirts #ootd #tiktokshopbacktoschool #comfyoutfit","https://www.tiktok.com/@MS4wLjABAAAAk77v-F906GlGTkZZ5pEuTXeDeihRllX-eae_barUoG6rv7_TlXAxE563gn3C1XXo/video/7680871480934157599","2026-09-02T17:44:28+08:00","15","632","0","0","0","0","0"
"ETCYY-US","wardrobepicked","ETCYY   Women's   Denim Collar Sweater#fyp #tiktokshopmemorialday#for...","https://www.tiktok.com/@MS4wLjABAAAA-KhelFlYiQz8vPYpnvp-W4flOK_khCxv3qHvtIHVSb7eH_s2sSz3h2HyLbrplwEw/video/7679041990817877278","2026-08-29T11:50:00+08:00","18","627","1","0","1","0","0.003189792663476874"
"ETCYY-US","etcyyus","2pieceset#matchingset #boho #ootd #tiktokshopbacktoschool","https://www.tiktok.com/@MS4wLjABAAAAyS0K7XiI6U2qU30yfAAxxzCeJhmkiy9nNrpamMAoKTZA6z_yoqAbUo4uI9Zh9AzN/video/7677535116532387103","2026-08-24T17:58:01+08:00","15","613","0","0","0","0","0"
"ETCYY-US","etcyy.vibes","#tiktok #tiktokshop #tood ","https://www.tiktok.com/@MS4wLjABAAAAXhiLJGfuFXjsz8jJC7Xaebg4LFMP8HA-uFYWXldxI_udMGjoWd4xhdhbupkeG_5d/video/7677963845758897438","2026-08-26T00:10:00+08:00","15","605","0","0","0","0","0"
"ETCYY","user5835336672755","#bikini #swimsuit #tankini #fyp ","https://www.tiktok.com/@MS4wLjABAAAAXuF2pGCa0ER5WqwZ1KB7GyADFtjtVr9dtL17wpZoSSxGlvXHRWZUSuik1Cxyd9WD/video/7680960555905043725","2026-09-02T23:30:35+08:00","15","605","3","0","0","0","0.0049586776859504135"
"ETCYY-US","wardrobepicked","ETCYY NEW Women's ElegantFloral Lace Patchwork Long Sleeve Blouse#fyp...","https://www.tiktok.com/@MS4wLjABAAAA-KhelFlYiQz8vPYpnvp-W4flOK_khCxv3qHvtIHVSb7eH_s2sSz3h2HyLbrplwEw/video/7683069850717097246","2026-09-08T15:56:00+08:00","14","604","0","0","0","0","0"
"ETCYY-US","etcyy.glam","#ootd#ButtonDetailBlouse #WomensFashionBlouse#UniqueDesignShirt","https://www.tiktok.com/@MS4wLjABAAAAI95MRpE0J2k31jCljJSn-F0-knBxN1H-2B629ifUTuROBthPTMhoEBgJdtPsHfIL/video/7678647726841548062","2026-08-27T20:25:00+08:00","15","585","0","0","0","0","0"
"ETCYY-US","etcyy.trends","#tiktok#tiktokshop #ootd","https://www.tiktok.com/@MS4wLjABAAAAxjZhhWuHncPj_vKg81t30P0KBSD0vIEjkmVaF2TqCud5QgyDrA1hvlysd3ksAMex/video/7677972819329797389","2026-08-25T23:46:00+08:00","15","580","0","0","0","0","0"
"ETCYY-US","etcyy.shop","Comment “sale“，If you want a discount#dress #outfit #fyp #DealsForYou...","https://www.tiktok.com/@MS4wLjABAAAAk77v-F906GlGTkZZ5pEuTXeDeihRllX-eae_barUoG6rv7_TlXAxE563gn3C1XXo/video/7683065172273024287","2026-09-08T15:37:42+08:00","13","578","0","0","0","0","0"
"ETCYY-US","etcyy.shop","instant dark romance energy unlocked 🖤🍷#mesh #blouse #outfit #tiktoks...","https://www.tiktok.com/@MS4wLjABAAAAk77v-F906GlGTkZZ5pEuTXeDeihRllX-eae_barUoG6rv7_TlXAxE563gn3C1XXo/video/7679030539650616607","2026-08-28T18:40:39+08:00","10","577","1","0","0","0","0.0017331022530329288"
"ETCYY-US","etcyyus","cowgirl#shirts #cowgirl #ootd #DealsForYouDays","https://www.tiktok.com/@MS4wLjABAAAAyS0K7XiI6U2qU30yfAAxxzCeJhmkiy9nNrpamMAoKTZA6z_yoqAbUo4uI9Zh9AzN/video/7677157352189037855","2026-08-23T17:32:29+08:00","14","575","1","0","0","0","0.0017391304347826088"
"ETCYY-US","etcyyus","80s shirt#shirts #cowboy #ootd ##tiktokshopbacktoschool","https://www.tiktok.com/@MS4wLjABAAAAyS0K7XiI6U2qU30yfAAxxzCeJhmkiy9nNrpamMAoKTZA6z_yoqAbUo4uI9Zh9AzN/video/7675722492463435038","2026-08-19T20:43:42+08:00","15","567","0","0","0","0","0"
"ETCYY-US","etcyyus","favorite romantic outfit ever 💕#maxidress #summersales #tiktokshopbac...","https://www.tiktok.com/@MS4wLjABAAAAyS0K7XiI6U2qU30yfAAxxzCeJhmkiy9nNrpamMAoKTZA6z_yoqAbUo4uI9Zh9AzN/video/7678691150844185886","2026-08-27T20:43:53+08:00","15","565","1","0","0","0","0.0017699115044247787"
"ETCYY-US","etcyy.wear","#ootd#WomensOfficeBlouse #StripedKnitTop #WorkWearForWomen ","https://www.tiktok.com/@MS4wLjABAAAASYmu1XGMcfs93-fOI77Urb73o1YDOmpOcA7fNZSv0jajFPiuSKiyyFHWc3bWvP-g/video/7678641799665028366","2026-08-27T20:02:00+08:00","15","565","0","0","0","1","0"
"ETCYY-US","etcyy.vibes","#ootd#ButtonDetailBlouse #WomensFashionBlouse#UniqueDesignShirt","https://www.tiktok.com/@MS4wLjABAAAAXhiLJGfuFXjsz8jJC7Xaebg4LFMP8HA-uFYWXldxI_udMGjoWd4xhdhbupkeG_5d/video/7678646502612339998","2026-08-27T20:19:00+08:00","15","562","0","0","0","0","0"
"ETCYY-US","etcyy.vibes","#ootd#ButtonDetailBlouse #WomensFashionBlouse#UniqueDesignShirt","https://www.tiktok.com/@MS4wLjABAAAAXhiLJGfuFXjsz8jJC7Xaebg4LFMP8HA-uFYWXldxI_udMGjoWd4xhdhbupkeG_5d/video/7678646553539562783","2026-08-27T17:51:15+08:00","15","558","1","0","0","0","0.0017921146953405018"
"ETCYY-US","etcyy.shop","everything 🖤✨#mesh #blouse #outfit #tiktokshopbacktoschool #backtoschool","https://www.tiktok.com/@MS4wLjABAAAAk77v-F906GlGTkZZ5pEuTXeDeihRllX-eae_barUoG6rv7_TlXAxE563gn3C1XXo/video/7679771018948365599","2026-08-30T18:35:23+08:00","13","556","1","0","0","1","0.0017985611510791368"
"ETCYY-US","etcyyus","couldn’t resist adding this set to my cart ☕️🤍#matchingset #2pieceset...","https://www.tiktok.com/@MS4wLjABAAAAyS0K7XiI6U2qU30yfAAxxzCeJhmkiy9nNrpamMAoKTZA6z_yoqAbUo4uI9Zh9AzN/video/7678243097842634014","2026-08-26T15:44:57+08:00","15","554","2","0","0","0","0.0036101083032490976"
"ETCYY-US","etcyyus","2pieceset#matchingset #boho #ootd #tiktokshopbacktoschool","https://www.tiktok.com/@MS4wLjABAAAAyS0K7XiI6U2qU30yfAAxxzCeJhmkiy9nNrpamMAoKTZA6z_yoqAbUo4uI9Zh9AzN/video/7677545961593326879","2026-08-24T18:40:09+08:00","15","554","0","0","0","0","0"
"ETCYY-US","etcyy.shop","looks stunning#Sweater #Pullover #Preppy #tiktokshopbacktoschool #Denim","https://www.tiktok.com/@MS4wLjABAAAAk77v-F906GlGTkZZ5pEuTXeDeihRllX-eae_barUoG6rv7_TlXAxE563gn3C1XXo/video/7682354078633954590","2026-09-06T17:38:23+08:00","12","552","0","0","0","0","0"
"ETCYY-US","etcyyus","cowgirl#shirts #cowgirl #ootd #DealsForYouDays","https://www.tiktok.com/@MS4wLjABAAAAyS0K7XiI6U2qU30yfAAxxzCeJhmkiy9nNrpamMAoKTZA6z_yoqAbUo4uI9Zh9AzN/video/7676770916809903391","2026-08-22T16:32:54+08:00","15","548","1","0","0","0","0.0018248175182481751"
"ETCYY-US","etcyyus","already planning to buy this in every color 🕊️✨#matchingset #2piecese...","https://www.tiktok.com/@MS4wLjABAAAAyS0K7XiI6U2qU30yfAAxxzCeJhmkiy9nNrpamMAoKTZA6z_yoqAbUo4uI9Zh9AzN/video/7678258738876173599","2026-08-26T16:45:39+08:00","15","544","1","0","0","0","0.001838235294117647"
"ETCYY-US","etcyy_chic7","fresh fall drop#jacket #coat #falloutfit #tiktokshopbacktoschool","https://www.tiktok.com/@MS4wLjABAAAAOZlo8VLhFzwQxaJz__FbmqrJNInlS5egBBy6-UlIZAlLyOJpocLBFn8VCUkjTHxW/video/7680854738727898382","2026-09-02T16:39:29+08:00","10","543","2","0","0","0","0.003683241252302026"
"ETCYY","user5835336672755","#bikini #swimsuit #tankini #tiktokbacktoschool ","https://www.tiktok.com/@MS4wLjABAAAAXuF2pGCa0ER5WqwZ1KB7GyADFtjtVr9dtL17wpZoSSxGlvXHRWZUSuik1Cxyd9WD/video/7679140811870670093","2026-08-29T04:30:00+08:00","15","533","0","0","0","0","0"
"ETCYY-US","etcyy.vibes","#ootd#ButtonDetailBlouse #WomensFashionBlouse#UniqueDesignShirt","https://www.tiktok.com/@MS4wLjABAAAAXhiLJGfuFXjsz8jJC7Xaebg4LFMP8HA-uFYWXldxI_udMGjoWd4xhdhbupkeG_5d/video/7678646014277963038","2026-08-27T19:18:00+08:00","15","529","2","0","0","0","0.003780718336483932"
"ETCYY-US","etcyy.vibes","#tiktok #tiktokshop #tood ","https://www.tiktok.com/@MS4wLjABAAAAXhiLJGfuFXjsz8jJC7Xaebg4LFMP8HA-uFYWXldxI_udMGjoWd4xhdhbupkeG_5d/video/7677963659997383966","2026-08-25T23:09:00+08:00","15","526","0","0","0","0","0"
"ETCYY-US","wardrobepicked","ETCYY   Women's   Denim Collar Sweater#fyp #tiktokshopmemorialday#for...","https://www.tiktok.com/@MS4wLjABAAAA-KhelFlYiQz8vPYpnvp-W4flOK_khCxv3qHvtIHVSb7eH_s2sSz3h2HyLbrplwEw/video/7683084558085917983","2026-09-08T16:52:16+08:00","13","524","0","0","0","0","0"
"ETCYY-US","etcyy.glam","#ootd#ButtonDetailBlouse #WomensFashionBlouse#UniqueDesignShirt","https://www.tiktok.com/@MS4wLjABAAAAI95MRpE0J2k31jCljJSn-F0-knBxN1H-2B629ifUTuROBthPTMhoEBgJdtPsHfIL/video/7678647629223415071","2026-08-27T19:24:00+08:00","15","522","1","0","0","0","0.0019157088122605363"
"ETCYY-US","etcyy.shop","elegant fit ☕️✨#dress #ootd #tiktokshopbacktoschool #backtoschooldress","https://www.tiktok.com/@MS4wLjABAAAAk77v-F906GlGTkZZ5pEuTXeDeihRllX-eae_barUoG6rv7_TlXAxE563gn3C1XXo/video/7679400157292580126","2026-08-29T18:35:51+08:00","15","520","3","0","0","0","0.0057692307692307696"
"ETCYY-US","wardrobepicked","ETCYY   Women's   Denim Collar Sweater#fyp #tiktokshopmemorialday#for...","https://www.tiktok.com/@MS4wLjABAAAA-KhelFlYiQz8vPYpnvp-W4flOK_khCxv3qHvtIHVSb7eH_s2sSz3h2HyLbrplwEw/video/7680517660802682142","2026-09-01T18:51:45+08:00","19","515","0","0","0","0","0"
"ETCYY-US","etcyy_chic7","last call for summer style!#2pieceset #matchingset #loungeset #stripe...","https://www.tiktok.com/@MS4wLjABAAAAOZlo8VLhFzwQxaJz__FbmqrJNInlS5egBBy6-UlIZAlLyOJpocLBFn8VCUkjTHxW/video/7682355324363328782","2026-09-06T17:44:08+08:00","15","511","1","0","0","0","0.0019569471624266144"
"ETCYY-US","etcyy.shop","next night out 🥂🕯️#mesh #blouse #outfit #tiktokshopbacktoschool #back...","https://www.tiktok.com/@MS4wLjABAAAAk77v-F906GlGTkZZ5pEuTXeDeihRllX-eae_barUoG6rv7_TlXAxE563gn3C1XXo/video/7679741010829790494","2026-08-30T16:38:24+08:00","11","509","0","0","0","0","0"
"ETCYY-US","wardrobepicked","ETCYY Women's Oversized Faux SuedeJacket,r#fyp #tiktokshopmemorialday...","https://www.tiktok.com/@MS4wLjABAAAA-KhelFlYiQz8vPYpnvp-W4flOK_khCxv3qHvtIHVSb7eH_s2sSz3h2HyLbrplwEw/video/7680820595784715551","2026-09-02T14:26:57+08:00","14","507","0","0","0","0","0"
"ETCYY-US","etcyy_chic7","on major sale#2pieceset #matchingset #loungeset #striped #ootd #Deals...","https://www.tiktok.com/@MS4wLjABAAAAOZlo8VLhFzwQxaJz__FbmqrJNInlS5egBBy6-UlIZAlLyOJpocLBFn8VCUkjTHxW/video/7682370926930922766","2026-09-06T18:44:47+08:00","15","506","0","0","0","0","0"
"ETCYY-US","etcyy.shop","lace beauty#mesh #blouse #outfit #tiktokshopbacktoschool #backtoschool","https://www.tiktok.com/@MS4wLjABAAAAk77v-F906GlGTkZZ5pEuTXeDeihRllX-eae_barUoG6rv7_TlXAxE563gn3C1XXo/video/7678984422565121310","2026-08-28T15:41:38+08:00","10","502","1","0","0","0","0.00199203187250996"
"ETCYY-US","wardrobepicked","GUNEST] Women's SummerSmocked Midi Dress-V-neck#summerfinds #tiktoksh...","https://www.tiktok.com/@MS4wLjABAAAA-KhelFlYiQz8vPYpnvp-W4flOK_khCxv3qHvtIHVSb7eH_s2sSz3h2HyLbrplwEw/video/7683481720926096670","2026-09-09T18:33:31+08:00","16","502","0","0","0","0","0"
"ETCYY-US","etcyy_chic7","on sale #dress #vneck #zipper #sleeveless #elegant #ootd #tiktokshoph...","https://www.tiktok.com/@MS4wLjABAAAAOZlo8VLhFzwQxaJz__FbmqrJNInlS5egBBy6-UlIZAlLyOJpocLBFn8VCUkjTHxW/video/7681969374885842190","2026-09-05T16:45:42+08:00","13","492","0","0","0","0","0"
"ETCYY-US","etcyy.outfits","#sohochic#ootd#UniqueDesignShirt #WomensFashionBlouse#NavyBlueLayered...","https://www.tiktok.com/@MS4wLjABAAAAoQFJPQPYC22qIvVGvvvRC0g_My8pz54doaZlHyyB-tRzCgol_WB2xUmnrUdaPRmI/video/7680458911379361055","2026-09-01T22:33:00+08:00","15","492","0","0","0","0","0"
"ETCYY-US","etcyyus","adding#shirts #cowboy #ootd #tiktokshopbacktoschool","https://www.tiktok.com/@MS4wLjABAAAAyS0K7XiI6U2qU30yfAAxxzCeJhmkiy9nNrpamMAoKTZA6z_yoqAbUo4uI9Zh9AzN/video/7676017107083037982","2026-08-20T15:47:31+08:00","15","483","1","0","0","0","0.002070393374741201"
"ETCYY-US","wardrobepicked","ETCYY NEW Women's ElegantFloral Lace Patchwork Long Sleeve Blouse#fyp...","https://www.tiktok.com/@MS4wLjABAAAA-KhelFlYiQz8vPYpnvp-W4flOK_khCxv3qHvtIHVSb7eH_s2sSz3h2HyLbrplwEw/video/7683469958046616862","2026-09-09T17:47:53+08:00","14","480","0","0","0","0","0"
"ETCYY-US","etcyyus","80s shirt#shirts #cowboy #ootd ##tiktokshopbacktoschool","https://www.tiktok.com/@MS4wLjABAAAAyS0K7XiI6U2qU30yfAAxxzCeJhmkiy9nNrpamMAoKTZA6z_yoqAbUo4uI9Zh9AzN/video/7675691744339545374","2026-08-19T18:44:25+08:00","15","471","0","0","0","0","0"
"ETCYY","etfashion.chic","my mind#swimwear #bikini #ootd #summersales #tiktokshopbacktoschool","https://www.tiktok.com/@MS4wLjABAAAAE5ssFIRGpZ7TixzpemcgiI6nSAJdZChEl0f0HlBe1H1O3ecaA6QWaEVDzfgLdcAn/video/7679387739040615693","2026-08-29T17:48:11+08:00","9","468","0","0","0","0","0"
"ETCYY-US","etcyy_chic7","new autumn suede jacket#jacket #coat #falloutfit #tiktokshopbacktoschool","https://www.tiktok.com/@MS4wLjABAAAAOZlo8VLhFzwQxaJz__FbmqrJNInlS5egBBy6-UlIZAlLyOJpocLBFn8VCUkjTHxW/video/7680790727718227214","2026-09-02T12:31:02+08:00","10","450","1","0","0","0","0.0022222222222222222"
"ETCYY-US","etcyy.shop","fall denim polo sweater#Sweater #Pullover #Preppy #tiktokshopbacktosc...","https://www.tiktok.com/@MS4wLjABAAAAk77v-F906GlGTkZZ5pEuTXeDeihRllX-eae_barUoG6rv7_TlXAxE563gn3C1XXo/video/7682344644457286942","2026-09-06T17:01:37+08:00","12","447","0","0","0","0","0"
"ETCYY-US","wardrobepicked","ETCYY 2026 Women Off-the-Shoulder Pleated Mini Dress#fyp #tiktokshopm...","https://www.tiktok.com/@MS4wLjABAAAA-KhelFlYiQz8vPYpnvp-W4flOK_khCxv3qHvtIHVSb7eH_s2sSz3h2HyLbrplwEw/video/7681233086855515423","2026-09-03T17:07:37+08:00","13","446","2","0","0","0","0.004484304932735426"
"ETCYY-US","etcyyus","2pieceset#matchingset #boho #ootd #tiktokshopbacktoschool","https://www.tiktok.com/@MS4wLjABAAAAyS0K7XiI6U2qU30yfAAxxzCeJhmkiy9nNrpamMAoKTZA6z_yoqAbUo4uI9Zh9AzN/video/7677500358175804703","2026-08-24T15:43:10+08:00","15","436","2","0","0","0","0.0045871559633027525"
"ETCYY-US","wardrobepicked","ETCYY   Women's   Denim Collar Sweater#fyp #tiktokshopmemorialday#for...","https://www.tiktok.com/@MS4wLjABAAAA-KhelFlYiQz8vPYpnvp-W4flOK_khCxv3qHvtIHVSb7eH_s2sSz3h2HyLbrplwEw/video/7680852137869397279","2026-09-02T16:29:24+08:00","12","435","2","0","0","1","0.004597701149425287"
"ETCYY","user5835336672755","#bikini #swimsuit #tankini #tiktokbacktoschool ","https://www.tiktok.com/@MS4wLjABAAAAXuF2pGCa0ER5WqwZ1KB7GyADFtjtVr9dtL17wpZoSSxGlvXHRWZUSuik1Cxyd9WD/video/7678818240100961550","2026-08-28T04:56:46+08:00","15","428","1","0","0","0","0.002336448598130841"
"ETCYY-US","etcyy_chic7","Cute 🥰 #comfyoutfit #ootd #EffortlssChic #fyp ","https://www.tiktok.com/@MS4wLjABAAAAOZlo8VLhFzwQxaJz__FbmqrJNInlS5egBBy6-UlIZAlLyOJpocLBFn8VCUkjTHxW/video/7678141719484861710","2026-08-26T09:11:36+08:00","15","422","1","0","0","0","0.002369668246445498"
"ETCYY-US","etcyy_chic7","#comfyoutfit #ootd #EffortlssChic #fyp #minimalstyle ","https://www.tiktok.com/@MS4wLjABAAAAOZlo8VLhFzwQxaJz__FbmqrJNInlS5egBBy6-UlIZAlLyOJpocLBFn8VCUkjTHxW/video/7677769692999634190","2026-08-25T09:08:02+08:00","15","421","0","0","0","0","0"
"ETCYY-US","etcyyfashion.us","#RelaxedFitBlouse#BlueWhiteStripeTop#ChicOfficeBlouse #LayeredFashionTop","https://www.tiktok.com/@MS4wLjABAAAAp926TyS2DAQENQPGFLeFUMmbKXdhwNitFIkicm5Aw5Ep27vC7G5qDsoD_An3R6JY/video/7680120914222140685","2026-08-31T18:42:00+08:00","15","414","0","0","0","0","0"
"ETCYY","etfashion.chic","tie-back colorblock swimsuit#swimwear #SwimsuitKiller #onepieceswimsu...","https://www.tiktok.com/@MS4wLjABAAAAE5ssFIRGpZ7TixzpemcgiI6nSAJdZChEl0f0HlBe1H1O3ecaA6QWaEVDzfgLdcAn/video/7681213530250464525","2026-09-03T15:53:15+08:00","15","409","2","0","0","0","0.004889975550122249"
"ETCYY","etfashion.chic","textured colorblock swimsuit#swimwear #bikini #tiktokshopbacktoschool","https://www.tiktok.com/@MS4wLjABAAAAE5ssFIRGpZ7TixzpemcgiI6nSAJdZChEl0f0HlBe1H1O3ecaA6QWaEVDzfgLdcAn/video/7680862546215161101","2026-09-02T17:09:48+08:00","11","399","0","0","0","0","0"
"ETCYY-US","etcyy.wear","#sohochic #CozyWorkWear #WomensLongSleeveTop #BusinessCasualEssential...","https://www.tiktok.com/@MS4wLjABAAAASYmu1XGMcfs93-fOI77Urb73o1YDOmpOcA7fNZSv0jajFPiuSKiyyFHWc3bWvP-g/video/7680464640932973838","2026-09-01T22:50:00+08:00","15","391","0","0","0","0","0"
"ETCYY-US","etcyyus","chic#shirts #cowboy #ootd #tiktokshopbacktoschool","https://www.tiktok.com/@MS4wLjABAAAAyS0K7XiI6U2qU30yfAAxxzCeJhmkiy9nNrpamMAoKTZA6z_yoqAbUo4uI9Zh9AzN/video/7676047515891895582","2026-08-20T17:45:48+08:00","15","390","1","0","1","0","0.005128205128205128"
"ETCYY-US","wardrobepicked","TCYY Vintage Denim ContrastShort Sleeve Casual Shirts WomenswearShort...","https://www.tiktok.com/@MS4wLjABAAAA-KhelFlYiQz8vPYpnvp-W4flOK_khCxv3qHvtIHVSb7eH_s2sSz3h2HyLbrplwEw/video/7682709032997604638","2026-09-07T16:35:51+08:00","12","382","2","0","0","0","0.005235602094240838"
"ETCYY-US","etcyy.mode","#tiktok #tiktokshop #ootd #woman ","https://www.tiktok.com/@MS4wLjABAAAAAzWwlO1snm3knv0nLXURI_21KQG9TG5Rl0IsUoNTIiH1nJlP5ORdCNRtOnNp_FBF/video/7679030656055233806","2026-08-28T20:11:00+08:00","15","376","2","0","0","0","0.005319148936170213"
"ETCYY-US","etcyy.dressup","#sohochic#ootd#UniqueDesignShirt #WomensFashionBlouse#NavyBlueLayered...","https://www.tiktok.com/@MS4wLjABAAAAslEi_1sYHkbThsHqrWa75z0z-JZSMtjOhC5Sm0sHW62rv4fEXEi-Zf6ZBJU-cw7E/video/7680459685799005454","2026-09-01T20:36:00+08:00","15","371","2","0","0","0","0.005390835579514825"
"ETCYY-US","etcyy.trends","#tiktok #tiktokshop #ootd #woman ","https://www.tiktok.com/@MS4wLjABAAAAxjZhhWuHncPj_vKg81t30P0KBSD0vIEjkmVaF2TqCud5QgyDrA1hvlysd3ksAMex/video/7679032821549190414","2026-08-28T21:14:00+08:00","15","358","0","0","0","0","0"
"ETCYY-US","etcyy.trends","#tiktok #tiktokshop #ootd #woman ","https://www.tiktok.com/@MS4wLjABAAAAxjZhhWuHncPj_vKg81t30P0KBSD0vIEjkmVaF2TqCud5QgyDrA1hvlysd3ksAMex/video/7679031498380496141","2026-08-28T18:44:59+08:00","15","352","1","0","0","0","0.002840909090909091"
"ETCYY-US","etcyyus","completely sold on this matching set trend 🌾🖤#matchingset #2pieceset ...","https://www.tiktok.com/@MS4wLjABAAAAyS0K7XiI6U2qU30yfAAxxzCeJhmkiy9nNrpamMAoKTZA6z_yoqAbUo4uI9Zh9AzN/video/7678289475566374174","2026-08-26T18:44:54+08:00","15","349","0","0","0","0","0"
"ETCYY-US","etcyy.dressup","#ootd #tiktok #tiktokshop ","https://www.tiktok.com/@MS4wLjABAAAAslEi_1sYHkbThsHqrWa75z0z-JZSMtjOhC5Sm0sHW62rv4fEXEi-Zf6ZBJU-cw7E/video/7679037093003201822","2026-08-28T19:06:02+08:00","15","344","0","0","0","0","0"
"ETCYY-US","wardrobepicked","ETCYY   Women's   Denim Collar Sweater#fyp #tiktokshopmemorialday#for...","https://www.tiktok.com/@MS4wLjABAAAA-KhelFlYiQz8vPYpnvp-W4flOK_khCxv3qHvtIHVSb7eH_s2sSz3h2HyLbrplwEw/video/7681954138648874270","2026-09-05T15:46:15+08:00","13","341","0","0","0","0","0"
"ETCYY-US","etcyy.glam","#ootd#ButtonDetailBlouse #WomensFashionBlouse#UniqueDesignShirt","https://www.tiktok.com/@MS4wLjABAAAAI95MRpE0J2k31jCljJSn-F0-knBxN1H-2B629ifUTuROBthPTMhoEBgJdtPsHfIL/video/7679026825011514655","2026-08-28T20:08:00+08:00","15","341","0","0","0","0","0"
"ETCYY-US","etcyyfashion.us","#RelaxedFitBlouse#BlueWhiteStripeTop#ChicOfficeBlouse #LayeredFashionTop","https://www.tiktok.com/@MS4wLjABAAAAp926TyS2DAQENQPGFLeFUMmbKXdhwNitFIkicm5Aw5Ep27vC7G5qDsoD_An3R6JY/video/7679398494255287566","2026-08-29T18:30:12+08:00","15","335","1","0","0","0","0.0029850746268656717"
"ETCYY-US","etcyy.lookbook","#LayeredLookShirt #WomensFashionTop #StripedPatchworkBlouse #OutfitIn...","https://www.tiktok.com/@MS4wLjABAAAAB7ADPXI4N-HH1kKQPqRQpjW4QtjQqIyrM58InkyoFYDSQvaMkewMEw7yVlkLy41g/video/7679000830414015774","2026-08-28T16:46:22+08:00","15","318","0","0","0","0","0"
"ETCYY-US","etcyyfashion.us","#RelaxedFitBlouse#BlueWhiteStripeTop#ChicOfficeBlouse #LayeredFashionTop","https://www.tiktok.com/@MS4wLjABAAAAp926TyS2DAQENQPGFLeFUMmbKXdhwNitFIkicm5Aw5Ep27vC7G5qDsoD_An3R6JY/video/7679029732918250766","2026-08-28T20:08:00+08:00","15","318","0","0","0","0","0"
"ETCYY-US","etcyyus","blouse shirt#shirts #ootd #DealsForYouDays #tiktokshopholidayhaul","https://www.tiktok.com/@MS4wLjABAAAAyS0K7XiI6U2qU30yfAAxxzCeJhmkiy9nNrpamMAoKTZA6z_yoqAbUo4uI9Zh9AzN/video/7679028453353508127","2026-08-28T18:32:33+08:00","15","316","1","0","0","0","0.0031645569620253164"
"ETCYY","etfashion.chic","color combo looks 🌊#swimwear #bikini #ootd #summersales #tiktokshopba...","https://www.tiktok.com/@MS4wLjABAAAAE5ssFIRGpZ7TixzpemcgiI6nSAJdZChEl0f0HlBe1H1O3ecaA6QWaEVDzfgLdcAn/video/7679743291650297102","2026-08-30T16:47:44+08:00","11","315","0","0","0","0","0"
"ETCYY-US","etcyy.wear","TikTok video #7678641627446955277","https://www.tiktok.com/@MS4wLjABAAAASYmu1XGMcfs93-fOI77Urb73o1YDOmpOcA7fNZSv0jajFPiuSKiyyFHWc3bWvP-g/video/7678641627446955277","2026-08-27T19:01:00+08:00","15","314","1","0","0","0","0.0031847133757961785"
"ETCYY-US","etcyy.outfits","#ootd #UniqueDesignShirt #WomensFashionBlouse #NavyBlueLayeredBlouse ...","https://www.tiktok.com/@MS4wLjABAAAAoQFJPQPYC22qIvVGvvvRC0g_My8pz54doaZlHyyB-tRzCgol_WB2xUmnrUdaPRmI/video/7679036574671326494","2026-08-28T19:04:01+08:00","15","312","1","0","0","0","0.003205128205128205"
"ETCYY-US","etcyyfashion.us","#RelaxedFitBlouse#BlueWhiteStripeTop#ChicOfficeBlouse #LayeredFashionTop","https://www.tiktok.com/@MS4wLjABAAAAp926TyS2DAQENQPGFLeFUMmbKXdhwNitFIkicm5Aw5Ep27vC7G5qDsoD_An3R6JY/video/7679029796818406669","2026-08-28T21:08:00+08:00","15","312","0","0","0","0","0"
"ETCYY-US","etcyy.daily","#LayeredLookShirt #WomensFashionTop #StripedPatchworkBlouse #OutfitIn...","https://www.tiktok.com/@MS4wLjABAAAAIn9Zn1XR3yoPHf7kI7b0dNMyczGiKiCXWt5uQC6k58sBwWdTeJeAX0uzcfrXFpcE/video/7679001527595388190","2026-08-28T18:17:00+08:00","15","311","0","0","0","0","0"
"ETCYY-US","etcyyfashion.us","#RelaxedFitBlouse#BlueWhiteStripeTop#ChicOfficeBlouse #LayeredFashionTop","https://www.tiktok.com/@MS4wLjABAAAAp926TyS2DAQENQPGFLeFUMmbKXdhwNitFIkicm5Aw5Ep27vC7G5qDsoD_An3R6JY/video/7680120851819138318","2026-08-31T17:42:28+08:00","15","308","1","0","0","0","0.003246753246753247"
"ETCYY-US","etcyy.dressup","#sohochic#ootd#UniqueDesignShirt #WomensFashionBlouse#NavyBlueLayered...","https://www.tiktok.com/@MS4wLjABAAAAslEi_1sYHkbThsHqrWa75z0z-JZSMtjOhC5Sm0sHW62rv4fEXEi-Zf6ZBJU-cw7E/video/7680459874399980814","2026-09-01T21:37:00+08:00","15","305","1","0","0","0","0.003278688524590164"
"ETCYY-US","etcyy.style.us","#tiktok #tiktokshop ","https://www.tiktok.com/@MS4wLjABAAAAyvCdZacPbOoMqVoNHx1jnTFM61na9G5Hmne_0LuLgNtdyQEUZoM7QHng8OcMCeDe/video/7679035516104232223","2026-08-28T21:29:00+08:00","15","305","1","0","0","0","0.003278688524590164"
"ETCYY-US","etcyyus","simple#shirts #cowboy #ootd #tiktokshopbacktoschool","https://www.tiktok.com/@MS4wLjABAAAAyS0K7XiI6U2qU30yfAAxxzCeJhmkiy9nNrpamMAoKTZA6z_yoqAbUo4uI9Zh9AzN/video/7676063155461672222","2026-08-20T18:45:39+08:00","15","304","0","0","0","0","0"
"ETCYY-US","etcyy.glam","#ootd#ButtonDetailBlouse #WomensFashionBlouse#UniqueDesignShirt","https://www.tiktok.com/@MS4wLjABAAAAI95MRpE0J2k31jCljJSn-F0-knBxN1H-2B629ifUTuROBthPTMhoEBgJdtPsHfIL/video/7679026624305859871","2026-08-28T19:07:00+08:00","15","303","0","0","0","0","0"
"ETCYY-US","etcyywears","#tiktok #tiktokshop ","https://www.tiktok.com/@MS4wLjABAAAAZ79LMZFS-icRZjdE7C2BragqlZXfRKdeJ1H08NhO17EzAka-g_0oBEmtg9Z4nERS/video/7679035851946364191","2026-08-28T20:30:00+08:00","15","301","1","0","0","0","0.0033222591362126247"
"ETCYY-US","etcyy.style.us","#tiktok #tiktokshop ","https://www.tiktok.com/@MS4wLjABAAAAyvCdZacPbOoMqVoNHx1jnTFM61na9G5Hmne_0LuLgNtdyQEUZoM7QHng8OcMCeDe/video/7679035459275722014","2026-08-28T20:29:00+08:00","15","299","2","0","0","0","0.006688963210702341"
"ETCYY-US","etcyy.shop","best mall find today#jacket #coat #falloutfit #tiktokshopbacktoschool","https://www.tiktok.com/@MS4wLjABAAAAk77v-F906GlGTkZZ5pEuTXeDeihRllX-eae_barUoG6rv7_TlXAxE563gn3C1XXo/video/7682723835870858527","2026-09-07T17:33:15+08:00","10","296","0","0","0","0","0"
"ETCYY-US","etcyy.style","#ootd#WomensOfficeBlouse #StripedKnitTop #WorkWearForWomen ","https://www.tiktok.com/@MS4wLjABAAAAQ3FFLKyG0bIqEGSl9sECwwUSBa9ardtZjxuurrr8cU1J7aq2bG_vJhHFQ5YOavmm/video/7679024119580609805","2026-08-28T19:46:00+08:00","15","295","0","0","0","0","0"
"ETCYY-US","etcyy.daily","#LayeredLookShirt #WomensFashionTop #StripedPatchworkBlouse #OutfitIn...","https://www.tiktok.com/@MS4wLjABAAAAIn9Zn1XR3yoPHf7kI7b0dNMyczGiKiCXWt5uQC6k58sBwWdTeJeAX0uzcfrXFpcE/video/7679001884136394015","2026-08-28T16:49:28+08:00","15","295","0","0","0","0","0"
"ETCYY-US","etcyy.lookbook","#ootd #tiktokshop #denimfashion #streetwearstyle","https://www.tiktok.com/@MS4wLjABAAAAB7ADPXI4N-HH1kKQPqRQpjW4QtjQqIyrM58InkyoFYDSQvaMkewMEw7yVlkLy41g/video/7682721292528766238","2026-09-07T18:51:00+08:00","15","295","1","0","0","0","0.003389830508474576"
"ETCYY-US","etcyy.glam","#ootd#ButtonDetailBlouse #WomensFashionBlouse#UniqueDesignShirt","https://www.tiktok.com/@MS4wLjABAAAAI95MRpE0J2k31jCljJSn-F0-knBxN1H-2B629ifUTuROBthPTMhoEBgJdtPsHfIL/video/7679026971069713694","2026-08-28T18:26:47+08:00","15","294","0","0","0","0","0"
"ETCYY-US","etcyywears","TikTok video #7679035965247114526","https://www.tiktok.com/@MS4wLjABAAAAZ79LMZFS-icRZjdE7C2BragqlZXfRKdeJ1H08NhO17EzAka-g_0oBEmtg9Z4nERS/video/7679035965247114526","2026-08-28T19:01:42+08:00","15","294","0","0","0","0","0"
"ETCYY-US","etcyy.style","#ootd#WomensOfficeBlouse #StripedKnitTop #WorkWearForWomen ","https://www.tiktok.com/@MS4wLjABAAAAQ3FFLKyG0bIqEGSl9sECwwUSBa9ardtZjxuurrr8cU1J7aq2bG_vJhHFQ5YOavmm/video/7678640755249843470","2026-08-27T19:58:00+08:00","15","293","0","0","0","0","0"
"ETCYY-US","etcyy.outfits","#sohochic#ootd#UniqueDesignShirt #WomensFashionBlouse#NavyBlueLayered...","https://www.tiktok.com/@MS4wLjABAAAAoQFJPQPYC22qIvVGvvvRC0g_My8pz54doaZlHyyB-tRzCgol_WB2xUmnrUdaPRmI/video/7680458361040686366","2026-09-01T20:31:00+08:00","15","293","0","0","0","0","0"
"ETCYY-US","etcyy.outfits","#ootd#tiktok #tiktokshop#woman ","https://www.tiktok.com/@MS4wLjABAAAAoQFJPQPYC22qIvVGvvvRC0g_My8pz54doaZlHyyB-tRzCgol_WB2xUmnrUdaPRmI/video/7679036876736515358","2026-08-28T20:33:00+08:00","15","293","0","0","0","0","0"
"ETCYY","etfashion.chic","Comment “sale“，If you want a discount#swimwear #sale #ootd #DealsForY...","https://www.tiktok.com/@MS4wLjABAAAAE5ssFIRGpZ7TixzpemcgiI6nSAJdZChEl0f0HlBe1H1O3ecaA6QWaEVDzfgLdcAn/video/7682727705787239694","2026-09-07T17:48:41+08:00","10","293","0","0","0","0","0"
"ETCYY-US","etcyy.vibes","#ootd#ButtonDetailBlouse #WomensFashionBlouse#UniqueDesignShirt","https://www.tiktok.com/@MS4wLjABAAAAXhiLJGfuFXjsz8jJC7Xaebg4LFMP8HA-uFYWXldxI_udMGjoWd4xhdhbupkeG_5d/video/7679027838888037662","2026-08-28T20:12:00+08:00","15","292","0","0","0","0","0"
"ETCYY-US","etcyywears","#tiktok #tiktokshop ","https://www.tiktok.com/@MS4wLjABAAAAZ79LMZFS-icRZjdE7C2BragqlZXfRKdeJ1H08NhO17EzAka-g_0oBEmtg9Z4nERS/video/7679036116216876318","2026-08-28T21:31:00+08:00","15","291","0","0","0","0","0"
"ETCYY-US","etcyy.lookbook","#LayeredLookShirt #WomensFashionTop #StripedPatchworkBlouse #OutfitIn...","https://www.tiktok.com/@MS4wLjABAAAAB7ADPXI4N-HH1kKQPqRQpjW4QtjQqIyrM58InkyoFYDSQvaMkewMEw7yVlkLy41g/video/7679397158780456222","2026-08-29T19:54:00+08:00","15","289","0","0","0","0","0"
"ETCYY","etfashion.chic","wave-textured cutout one-piece#swimwear #SwimsuitKiller #onepieceswim...","https://www.tiktok.com/@MS4wLjABAAAAE5ssFIRGpZ7TixzpemcgiI6nSAJdZChEl0f0HlBe1H1O3ecaA6QWaEVDzfgLdcAn/video/7682372315169950990","2026-09-06T18:49:50+08:00","12","289","0","0","0","0","0"
"ETCYY-US","etcyy.daily","#LayeredLookShirt #WomensFashionTop #StripedPatchworkBlouse #OutfitIn...","https://www.tiktok.com/@MS4wLjABAAAAIn9Zn1XR3yoPHf7kI7b0dNMyczGiKiCXWt5uQC6k58sBwWdTeJeAX0uzcfrXFpcE/video/7679001404932967710","2026-08-28T19:18:00+08:00","15","288","1","0","0","0","0.003472222222222222"
"ETCYY-US","etcyy.lookbook","#LayeredLookShirt #WomensFashionTop #StripedPatchworkBlouse #OutfitIn...","https://www.tiktok.com/@MS4wLjABAAAAB7ADPXI4N-HH1kKQPqRQpjW4QtjQqIyrM58InkyoFYDSQvaMkewMEw7yVlkLy41g/video/7679000814152731935","2026-08-28T18:14:00+08:00","15","288","0","0","0","0","0"
"ETCYY-US","etcyycloset","#sohochic#tiktok#tiktokshop#ootd","https://www.tiktok.com/@MS4wLjABAAAAaCwGq_3D-9xVRayIp3icS8N58NePtV5mre_jyDhWQjswQeXIrKxf3p1Wm-uUCb7V/video/7680889105084976397","2026-09-02T22:22:00+08:00","15","288","1","0","0","0","0.003472222222222222"
"ETCYY-US","etcyy.dressup","#ootd #tiktok #tiktokshop #woman ","https://www.tiktok.com/@MS4wLjABAAAAslEi_1sYHkbThsHqrWa75z0z-JZSMtjOhC5Sm0sHW62rv4fEXEi-Zf6ZBJU-cw7E/video/7679037365259750686","2026-08-28T21:36:00+08:00","15","287","1","0","0","0","0.003484320557491289"
"ETCYY-US","etcyycloset","#sohochic#tiktok#tiktokshop#ootd","https://www.tiktok.com/@MS4wLjABAAAAaCwGq_3D-9xVRayIp3icS8N58NePtV5mre_jyDhWQjswQeXIrKxf3p1Wm-uUCb7V/video/7681214414602767630","2026-09-03T15:56:48+08:00","15","287","0","0","0","0","0"
"ETCYY-US","etcyy.lookbook","#ootd #tiktokshop #denimfashion #streetwearstyle","https://www.tiktok.com/@MS4wLjABAAAAB7ADPXI4N-HH1kKQPqRQpjW4QtjQqIyrM58InkyoFYDSQvaMkewMEw7yVlkLy41g/video/7681973947105086751","2026-09-05T19:33:00+08:00","15","286","0","0","0","0","0"
"ETCYY-US","etcyy.trends","#tiktok #tiktokshop #ootd #woman ","https://www.tiktok.com/@MS4wLjABAAAAxjZhhWuHncPj_vKg81t30P0KBSD0vIEjkmVaF2TqCud5QgyDrA1hvlysd3ksAMex/video/7679031540432571661","2026-08-28T20:13:00+08:00","15","284","1","0","0","0","0.0035211267605633804"
"ETCYY-US","etcyy.wear","#sohochic #CozyWorkWear #WomensLongSleeveTop #BusinessCasualEssential...","https://www.tiktok.com/@MS4wLjABAAAASYmu1XGMcfs93-fOI77Urb73o1YDOmpOcA7fNZSv0jajFPiuSKiyyFHWc3bWvP-g/video/7680468256141921550","2026-09-01T20:09:00+08:00","15","284","0","0","0","0","0"
"ETCYY-US","etcyy.lookbook","#ootd #tiktokshop #denimfashion #streetwearstyle","https://www.tiktok.com/@MS4wLjABAAAAB7ADPXI4N-HH1kKQPqRQpjW4QtjQqIyrM58InkyoFYDSQvaMkewMEw7yVlkLy41g/video/7681974340715449630","2026-09-05T17:04:49+08:00","15","284","0","0","0","0","0"
"ETCYY-US","etcyy.style.us","#sohochic#StripedLayeredBlouse #WomensKnitShirt #SmartCasualOutfit #N...","https://www.tiktok.com/@MS4wLjABAAAAyvCdZacPbOoMqVoNHx1jnTFM61na9G5Hmne_0LuLgNtdyQEUZoM7QHng8OcMCeDe/video/7680461153251740958","2026-09-01T20:42:00+08:00","15","284","0","0","0","0","0"
"ETCYY-US","etcyy.vibes","#ootd#ButtonDetailBlouse #WomensFashionBlouse#UniqueDesignShirt","https://www.tiktok.com/@MS4wLjABAAAAXhiLJGfuFXjsz8jJC7Xaebg4LFMP8HA-uFYWXldxI_udMGjoWd4xhdhbupkeG_5d/video/7679027817606122782","2026-08-28T19:11:00+08:00","15","283","0","0","0","0","0"
"ETCYY-US","etcyy.wear","#sohochic#tiktok#tiktokshop#ootd","https://www.tiktok.com/@MS4wLjABAAAASYmu1XGMcfs93-fOI77Urb73o1YDOmpOcA7fNZSv0jajFPiuSKiyyFHWc3bWvP-g/video/7681972310294695181","2026-09-05T18:26:00+08:00","15","283","1","0","0","0","0.0035335689045936395"
"ETCYY-US","etcyy.wear","#sohochic#tiktok#tiktokshop#ootd","https://www.tiktok.com/@MS4wLjABAAAASYmu1XGMcfs93-fOI77Urb73o1YDOmpOcA7fNZSv0jajFPiuSKiyyFHWc3bWvP-g/video/7681619003156008205","2026-09-04T20:34:00+08:00","15","283","0","0","0","0","0"
"ETCYY-US","etcyy.lookbook","#LayeredLookShirt #WomensFashionTop #StripedPatchworkBlouse #OutfitIn...","https://www.tiktok.com/@MS4wLjABAAAAB7ADPXI4N-HH1kKQPqRQpjW4QtjQqIyrM58InkyoFYDSQvaMkewMEw7yVlkLy41g/video/7679000944650030367","2026-08-28T19:15:00+08:00","15","283","0","0","0","0","0"
"ETCYY-US","etcyy.glam","#sohochic#tiktok#tiktokshop#ootd","https://www.tiktok.com/@MS4wLjABAAAAI95MRpE0J2k31jCljJSn-F0-knBxN1H-2B629ifUTuROBthPTMhoEBgJdtPsHfIL/video/7680840241388866846","2026-09-02T15:43:17+08:00","15","282","0","0","0","0","0"
"ETCYY-US","etcyy.style","#sohochic#tiktok#tiktokshop#ootd","https://www.tiktok.com/@MS4wLjABAAAAQ3FFLKyG0bIqEGSl9sECwwUSBa9ardtZjxuurrr8cU1J7aq2bG_vJhHFQ5YOavmm/video/7680865039674281230","2026-09-02T18:49:00+08:00","15","278","2","0","0","0","0.007194244604316547"
"ETCYY-US","etcyyfashion.us","#sohochic#tiktok#tiktokshop#ootd","https://www.tiktok.com/@MS4wLjABAAAAp926TyS2DAQENQPGFLeFUMmbKXdhwNitFIkicm5Aw5Ep27vC7G5qDsoD_An3R6JY/video/7680879505124199693","2026-09-02T18:15:33+08:00","15","278","0","0","0","0","0"
"ETCYY-US","etcyy.outfits","#sohochic#ootd#UniqueDesignShirt #WomensFashionBlouse#NavyBlueLayered...","https://www.tiktok.com/@MS4wLjABAAAAoQFJPQPYC22qIvVGvvvRC0g_My8pz54doaZlHyyB-tRzCgol_WB2xUmnrUdaPRmI/video/7680458824926498079","2026-09-01T21:32:00+08:00","15","277","0","0","0","0","0"
"ETCYY-US","etcyy.lookbook","#ootd #tiktokshop #denimfashion #streetwearstyle","https://www.tiktok.com/@MS4wLjABAAAAB7ADPXI4N-HH1kKQPqRQpjW4QtjQqIyrM58InkyoFYDSQvaMkewMEw7yVlkLy41g/video/7682721418676669726","2026-09-07T17:24:08+08:00","15","277","0","0","0","0","0"
"ETCYY","etcyy.girl","2-in-1 denim cuffs sweater#Sweater #Pullover #Preppy #tiktokshopbackt...","https://www.tiktok.com/@MS4wLjABAAAAED6sbt0gYEWU6akMi_DNMrZdwnMl5vHKWozKnOQrev5G2fpWaWyKhzy9WYwG3Yi2/video/7681225013151796494","2026-09-03T16:36:22+08:00","15","276","1","0","0","0","0.0036231884057971015"
"ETCYY-US","etcyy.dressup","#sohochic#ootd#UniqueDesignShirt #WomensFashionBlouse#NavyBlueLayered...","https://www.tiktok.com/@MS4wLjABAAAAslEi_1sYHkbThsHqrWa75z0z-JZSMtjOhC5Sm0sHW62rv4fEXEi-Zf6ZBJU-cw7E/video/7680460159025499405","2026-09-01T22:38:00+08:00","15","274","0","0","0","0","0"
"ETCYY-US","etcyyfashion.us","#sohochic#tiktok#tiktokshop#ootd","https://www.tiktok.com/@MS4wLjABAAAAp926TyS2DAQENQPGFLeFUMmbKXdhwNitFIkicm5Aw5Ep27vC7G5qDsoD_An3R6JY/video/7681229535223778574","2026-09-03T17:27:00+08:00","15","274","0","0","0","0","0"
"ETCYY-US","etcyy.dressup","#ootd#UniqueDesignShirt #WomensFashionBlouse#NavyBlueLayeredBlouse","https://www.tiktok.com/@MS4wLjABAAAAslEi_1sYHkbThsHqrWa75z0z-JZSMtjOhC5Sm0sHW62rv4fEXEi-Zf6ZBJU-cw7E/video/7679395694242843934","2026-08-29T19:48:00+08:00","15","272","0","0","0","1","0"
"ETCYY-US","etcyy.style.us","#tiktok #tiktokshop ","https://www.tiktok.com/@MS4wLjABAAAAyvCdZacPbOoMqVoNHx1jnTFM61na9G5Hmne_0LuLgNtdyQEUZoM7QHng8OcMCeDe/video/7679035154060299551","2026-08-28T18:58:58+08:00","15","272","0","0","0","0","0"
"ETCYY-US","etcyy.lookbook","#sohochic#tiktok#tiktokshop#ootd","https://www.tiktok.com/@MS4wLjABAAAAB7ADPXI4N-HH1kKQPqRQpjW4QtjQqIyrM58InkyoFYDSQvaMkewMEw7yVlkLy41g/video/7681247075157183775","2026-09-03T18:01:55+08:00","15","269","0","0","0","0","0"
"ETCYY-US","etcyy.wear","#ootd#WomensOfficeBlouse #StripedKnitTop #WorkWearForWomen ","https://www.tiktok.com/@MS4wLjABAAAASYmu1XGMcfs93-fOI77Urb73o1YDOmpOcA7fNZSv0jajFPiuSKiyyFHWc3bWvP-g/video/7679025325887491342","2026-08-28T18:21:12+08:00","15","268","1","0","0","0","0.0037313432835820895"
"ETCYY-US","etcyy.outfits","#ootd#UniqueDesignShirt #WomensFashionBlouse#NavyBlueLayeredBlouse","https://www.tiktok.com/@MS4wLjABAAAAoQFJPQPYC22qIvVGvvvRC0g_My8pz54doaZlHyyB-tRzCgol_WB2xUmnrUdaPRmI/video/7679394133718387998","2026-08-29T18:12:25+08:00","15","267","1","0","0","0","0.003745318352059925"
"ETCYY-US","etcyy.vibes","#ootd#ButtonDetailBlouse #WomensFashionBlouse#UniqueDesignShirt","https://www.tiktok.com/@MS4wLjABAAAAXhiLJGfuFXjsz8jJC7Xaebg4LFMP8HA-uFYWXldxI_udMGjoWd4xhdhbupkeG_5d/video/7679391452325072159","2026-08-29T18:43:00+08:00","15","266","2","0","0","0","0.007518796992481203"
"ETCYY-US","etcyy.vibes","#ootd#ButtonDetailBlouse #WomensFashionBlouse#UniqueDesignShirt","https://www.tiktok.com/@MS4wLjABAAAAXhiLJGfuFXjsz8jJC7Xaebg4LFMP8HA-uFYWXldxI_udMGjoWd4xhdhbupkeG_5d/video/7679391736820403486","2026-08-29T18:02:57+08:00","15","266","0","0","0","0","0"
"ETCYY-US","etcyy.daily","#sohochic#tiktok#tiktokshop#ootd","https://www.tiktok.com/@MS4wLjABAAAAIn9Zn1XR3yoPHf7kI7b0dNMyczGiKiCXWt5uQC6k58sBwWdTeJeAX0uzcfrXFpcE/video/7680866072957947167","2026-09-02T19:53:00+08:00","15","262","1","0","0","1","0.003816793893129771"
"ETCYY-US","etcyycloset","#ootd #tiktokshop #womensfashion #summeroutfit","https://www.tiktok.com/@MS4wLjABAAAAaCwGq_3D-9xVRayIp3icS8N58NePtV5mre_jyDhWQjswQeXIrKxf3p1Wm-uUCb7V/video/7681615102893673742","2026-09-04T17:50:57+08:00","15","261","1","0","0","1","0.0038314176245210726"
"ETCYY-US","etcyycloset","#RelaxedFitBlouse#BlueWhiteStripeTop#ChicOfficeBlouse #LayeredFashionTop","https://www.tiktok.com/@MS4wLjABAAAAaCwGq_3D-9xVRayIp3icS8N58NePtV5mre_jyDhWQjswQeXIrKxf3p1Wm-uUCb7V/video/7679396739735981325","2026-08-29T18:23:19+08:00","15","261","2","0","0","0","0.007662835249042145"
"ETCYY-US","etcyy.vibes","#ootd#ButtonDetailBlouse #WomensFashionBlouse#UniqueDesignShirt","https://www.tiktok.com/@MS4wLjABAAAAXhiLJGfuFXjsz8jJC7Xaebg4LFMP8HA-uFYWXldxI_udMGjoWd4xhdhbupkeG_5d/video/7679027889588768030","2026-08-28T18:30:46+08:00","15","260","0","0","0","0","0"
"ETCYY-US","etcyy.outfits","#sohochic#tiktok#tiktokshop#ootd","https://www.tiktok.com/@MS4wLjABAAAAoQFJPQPYC22qIvVGvvvRC0g_My8pz54doaZlHyyB-tRzCgol_WB2xUmnrUdaPRmI/video/7680842788329622815","2026-09-02T18:22:00+08:00","15","260","0","0","0","0","0"
"ETCYY-US","etcyy.daily","#sohochic#tiktok#tiktokshop#ootd","https://www.tiktok.com/@MS4wLjABAAAAIn9Zn1XR3yoPHf7kI7b0dNMyczGiKiCXWt5uQC6k58sBwWdTeJeAX0uzcfrXFpcE/video/7681246047116512542","2026-09-03T20:27:00+08:00","15","260","0","0","0","0","0"
"ETCYY-US","etcyywears","#sohochic#StripedLayeredBlouse #WomensKnitShirt #SmartCasualOutfit #N...","https://www.tiktok.com/@MS4wLjABAAAAZ79LMZFS-icRZjdE7C2BragqlZXfRKdeJ1H08NhO17EzAka-g_0oBEmtg9Z4nERS/video/7680460638853877022","2026-09-01T20:39:00+08:00","15","259","0","0","0","0","0"
"ETCYY-US","etcyylooks","#sohochic#tiktok#tiktokshop#ootd","https://www.tiktok.com/@MS4wLjABAAAADN4bHzuz0PCRGRcv7_0WFFbcB8MFIjAUxm-kcIWbHF-MM0aJ3NDRBv8YjN8WLJ5D/video/7681210117513039134","2026-09-03T21:08:00+08:00","15","259","0","0","0","0","0"
"ETCYY-US","etcyyfashion.us","#sohochic#AutumnLeafCamoTop #WomensFallFashion #VintageCamoSweatshirt...","https://www.tiktok.com/@MS4wLjABAAAAp926TyS2DAQENQPGFLeFUMmbKXdhwNitFIkicm5Aw5Ep27vC7G5qDsoD_An3R6JY/video/7680571054326140173","2026-09-01T23:46:00+08:00","15","257","2","0","0","0","0.007782101167315175"
"ETCYY-US","etcyylooks","#sohochic#tiktok#tiktokshop#ootd","https://www.tiktok.com/@MS4wLjABAAAADN4bHzuz0PCRGRcv7_0WFFbcB8MFIjAUxm-kcIWbHF-MM0aJ3NDRBv8YjN8WLJ5D/video/7680858696930446606","2026-09-02T16:54:53+08:00","15","257","0","0","0","0","0"
"ETCYY-US","etcyytrend","#sohochic#ContrastPanelSweater #RibbedKnitTop #LongSleeveWorkShirt #D...","https://www.tiktok.com/@MS4wLjABAAAAprkcshaplh4GRVEjch2qyGQkMpJTwvj34syE0hr48OH6OQLpdV0X2lEQ0RGaSSJI/video/7680456647008865550","2026-09-01T21:25:00+08:00","15","256","1","0","0","0","0.00390625"
"ETCYY-US","etcyy.vibes","#ootd#ButtonDetailBlouse #WomensFashionBlouse#UniqueDesignShirt","https://www.tiktok.com/@MS4wLjABAAAAXhiLJGfuFXjsz8jJC7Xaebg4LFMP8HA-uFYWXldxI_udMGjoWd4xhdhbupkeG_5d/video/7680126379903536414","2026-08-31T20:16:00+08:00","15","255","2","0","0","1","0.00784313725490196"
"ETCYY-US","etcyy.outfits","#ootd#UniqueDesignShirt #WomensFashionBlouse#NavyBlueLayeredBlouse","https://www.tiktok.com/@MS4wLjABAAAAoQFJPQPYC22qIvVGvvvRC0g_My8pz54doaZlHyyB-tRzCgol_WB2xUmnrUdaPRmI/video/7679393869393349918","2026-08-29T20:40:00+08:00","15","254","0","0","0","0","0"
"ETCYY-US","etcyy.lookbook","#LayeredLookShirt #WomensFashionTop #StripedPatchworkBlouse #OutfitIn...","https://www.tiktok.com/@MS4wLjABAAAAB7ADPXI4N-HH1kKQPqRQpjW4QtjQqIyrM58InkyoFYDSQvaMkewMEw7yVlkLy41g/video/7679397451857399071","2026-08-29T18:25:15+08:00","15","254","0","0","0","0","0"
"ETCYY","etfashion.chic","cross-back cutout one-piece#swimwear #bikini #tiktokshopbacktoschool","https://www.tiktok.com/@MS4wLjABAAAAE5ssFIRGpZ7TixzpemcgiI6nSAJdZChEl0f0HlBe1H1O3ecaA6QWaEVDzfgLdcAn/video/7680873654229421325","2026-09-02T17:52:48+08:00","9","253","0","0","0","0","0"
"ETCYY-US","etcyy.dressup","#sohochic#tiktok#tiktokshop#ootd","https://www.tiktok.com/@MS4wLjABAAAAslEi_1sYHkbThsHqrWa75z0z-JZSMtjOhC5Sm0sHW62rv4fEXEi-Zf6ZBJU-cw7E/video/7680843324512554271","2026-09-02T17:24:00+08:00","15","251","0","0","0","0","0"
"ETCYY-US","etcyy_chic7","😍#comfyoutfit #ootd #EffortlssChic #fyp ","https://www.tiktok.com/@MS4wLjABAAAAOZlo8VLhFzwQxaJz__FbmqrJNInlS5egBBy6-UlIZAlLyOJpocLBFn8VCUkjTHxW/video/7678512324243705101","2026-08-27T09:09:50+08:00","10","250","0","0","0","0","0"
"ETCYY-US","etcyy.daily","#LayeredLookShirt #WomensFashionTop #StripedPatchworkBlouse #OutfitIn...","https://www.tiktok.com/@MS4wLjABAAAAIn9Zn1XR3yoPHf7kI7b0dNMyczGiKiCXWt5uQC6k58sBwWdTeJeAX0uzcfrXFpcE/video/7679399066836471071","2026-08-29T20:01:00+08:00","15","250","0","0","0","0","0"
"ETCYY-US","etcyy.mode","#sohochic#tiktok#tiktokshop#ootd","https://www.tiktok.com/@MS4wLjABAAAAAzWwlO1snm3knv0nLXURI_21KQG9TG5Rl0IsUoNTIiH1nJlP5ORdCNRtOnNp_FBF/video/7680849432924966157","2026-09-02T17:48:00+08:00","15","250","0","0","0","0","0"
"ETCYY-US","etcyy.outfits","#sohochic#tiktok#tiktokshop#ootd","https://www.tiktok.com/@MS4wLjABAAAAoQFJPQPYC22qIvVGvvvRC0g_My8pz54doaZlHyyB-tRzCgol_WB2xUmnrUdaPRmI/video/7681244138766945566","2026-09-03T19:20:00+08:00","15","249","0","0","2","0","0.008032128514056224"
"ETCYY-US","etcyy_chic7","best mall find today#sweater #blouse #tiktokshopbacktoschool #fyp","https://www.tiktok.com/@MS4wLjABAAAAOZlo8VLhFzwQxaJz__FbmqrJNInlS5egBBy6-UlIZAlLyOJpocLBFn8VCUkjTHxW/video/7681598331801455885","2026-09-04T16:46:27+08:00","10","247","0","0","0","1","0"
"ETCYY-US","etcyy.glam","#sohochic#tiktok#tiktokshop#ootd","https://www.tiktok.com/@MS4wLjABAAAAI95MRpE0J2k31jCljJSn-F0-knBxN1H-2B629ifUTuROBthPTMhoEBgJdtPsHfIL/video/7681237817539874078","2026-09-03T20:07:00+08:00","15","243","0","0","0","0","0"
"ETCYY-US","etcyy.glam","#sohochic#tiktok#tiktokshop#ootd","https://www.tiktok.com/@MS4wLjABAAAAI95MRpE0J2k31jCljJSn-F0-knBxN1H-2B629ifUTuROBthPTMhoEBgJdtPsHfIL/video/7681238024306298143","2026-09-03T17:26:46+08:00","15","243","0","0","0","0","0"
"ETCYY-US","etcyy.clothing","striped ruffle trim blouse#shirts #ootd #DealsForYouDays #tiktokshoph...","https://www.tiktok.com/@MS4wLjABAAAAyrl-2vBe_tJH8pTVAnpx0Og_G2XcHCcoICR6Y3ZzRf5A2poh7m03SlFMo4Wr48q9/video/7681208664081894670","2026-09-03T15:34:01+08:00","15","241","1","0","0","0","0.004149377593360996"
"ETCYY-US","etcyy.glam","#WomensQuarterSnapPullover #sohochic#MapleLeafPrintTop #OversizedFall...","https://www.tiktok.com/@MS4wLjABAAAAI95MRpE0J2k31jCljJSn-F0-knBxN1H-2B629ifUTuROBthPTMhoEBgJdtPsHfIL/video/7680587818850127134","2026-09-02T01:05:00+08:00","15","240","0","0","0","1","0"
"ETCYY-US","etcyy.mode","#tiktok #tiktokshop #ootd ","https://www.tiktok.com/@MS4wLjABAAAAAzWwlO1snm3knv0nLXURI_21KQG9TG5Rl0IsUoNTIiH1nJlP5ORdCNRtOnNp_FBF/video/7677977515067034894","2026-08-25T22:34:58+08:00","15","237","0","0","0","0","0"
"ETCYY-US","etcyy.glam","#sohochic#tiktok#tiktokshop#ootd","https://www.tiktok.com/@MS4wLjABAAAAI95MRpE0J2k31jCljJSn-F0-knBxN1H-2B629ifUTuROBthPTMhoEBgJdtPsHfIL/video/7681969029795433758","2026-09-05T18:26:00+08:00","15","233","1","0","0","0","0.004291845493562232"
"ETCYY-US","etcyy.wear","#sohochic #CozyWorkWear #WomensLongSleeveTop #BusinessCasualEssential...","https://www.tiktok.com/@MS4wLjABAAAASYmu1XGMcfs93-fOI77Urb73o1YDOmpOcA7fNZSv0jajFPiuSKiyyFHWc3bWvP-g/video/7680468568219110670","2026-09-01T21:09:00+08:00","15","231","0","0","0","0","0"
"ETCYY","etfashion.chic","textured backless monokini#swimwear #SwimsuitKiller #onepieceswimsuit...","https://www.tiktok.com/@MS4wLjABAAAAE5ssFIRGpZ7TixzpemcgiI6nSAJdZChEl0f0HlBe1H1O3ecaA6QWaEVDzfgLdcAn/video/7681599768350575886","2026-09-04T16:52:05+08:00","11","230","0","0","0","0","0"
"ETCYY-US","etcyy.dressup","#ootd #tiktokshop #boutiquefashion #chicstyle","https://www.tiktok.com/@MS4wLjABAAAAslEi_1sYHkbThsHqrWa75z0z-JZSMtjOhC5Sm0sHW62rv4fEXEi-Zf6ZBJU-cw7E/video/7681616096801164557","2026-09-04T20:23:00+08:00","15","229","0","0","0","0","0"
"ETCYY-US","etcyy.style.us","#StripedLayeredBlouse #WomensKnitShirt #SmartCasualOutfit #NavyWorkT","https://www.tiktok.com/@MS4wLjABAAAAyvCdZacPbOoMqVoNHx1jnTFM61na9G5Hmne_0LuLgNtdyQEUZoM7QHng8OcMCeDe/video/7679395994387172638","2026-08-29T18:19:44+08:00","15","228","1","0","0","0","0.0043859649122807015"
"ETCYY-US","etcyy.dressup","#ootd#UniqueDesignShirt #WomensFashionBlouse#NavyBlueLayeredBlouse","https://www.tiktok.com/@MS4wLjABAAAAslEi_1sYHkbThsHqrWa75z0z-JZSMtjOhC5Sm0sHW62rv4fEXEi-Zf6ZBJU-cw7E/video/7680094817161874719","2026-08-31T21:59:00+08:00","15","227","3","0","0","0","0.013215859030837005"
"ETCYY-US","etcyy.style","#sohochic #CozyWorkWear #WomensLongSleeveTop #BusinessCasualEssential...","https://www.tiktok.com/@MS4wLjABAAAAQ3FFLKyG0bIqEGSl9sECwwUSBa9ardtZjxuurrr8cU1J7aq2bG_vJhHFQ5YOavmm/video/7680470617602280717","2026-09-01T21:19:00+08:00","15","224","0","0","0","0","0"
"ETCYY-US","etcyy.trends","#tiktok #tiktokshop #ootd ","https://www.tiktok.com/@MS4wLjABAAAAxjZhhWuHncPj_vKg81t30P0KBSD0vIEjkmVaF2TqCud5QgyDrA1hvlysd3ksAMex/video/7678235260861058318","2026-08-26T15:14:32+08:00","15","223","0","0","0","0","0"
"ETCYY-US","etcyy.trends","#tiktok #tiktokshop #ootd #woman ","https://www.tiktok.com/@MS4wLjABAAAAxjZhhWuHncPj_vKg81t30P0KBSD0vIEjkmVaF2TqCud5QgyDrA1hvlysd3ksAMex/video/7677500374646869261","2026-08-24T18:13:00+08:00","15","220","0","0","0","0","0"
"ETCYY-US","etcyy.shop","sale early #Sweater #Pullover #Preppy #tiktokshopbacktoschool #Denim","https://www.tiktok.com/@MS4wLjABAAAAk77v-F906GlGTkZZ5pEuTXeDeihRllX-eae_barUoG6rv7_TlXAxE563gn3C1XXo/video/7682369485159812382","2026-09-06T18:38:18+08:00","12","219","0","0","0","0","0"
"ETCYY-US","etcyy.style.us","#sohochic#StripedLayeredBlouse #WomensKnitShirt #SmartCasualOutfit #N...","https://www.tiktok.com/@MS4wLjABAAAAyvCdZacPbOoMqVoNHx1jnTFM61na9G5Hmne_0LuLgNtdyQEUZoM7QHng8OcMCeDe/video/7680461250903510302","2026-09-01T21:43:00+08:00","15","218","0","0","0","0","0"
"ETCYY-US","etcyy.glam","#sohochic#tiktok#tiktokshop#ootd","https://www.tiktok.com/@MS4wLjABAAAAI95MRpE0J2k31jCljJSn-F0-knBxN1H-2B629ifUTuROBthPTMhoEBgJdtPsHfIL/video/7680840122400607519","2026-09-02T17:24:00+08:00","15","216","0","0","0","0","0"
"ETCYY","etcyychic","tie-back cutout monokini#swimwear #bikini #tiktokshopbacktoschool","https://www.tiktok.com/@MS4wLjABAAAA67cypz92QYqZmYg6fDgoLRPkXFvwonvRMfQTgbnU5iceQDLjyEX97uDleqIj141n/video/7680810789975887135","2026-09-02T13:48:53+08:00","13","216","2","0","0","0","0.009259259259259259"
"ETCYY","etfashion.chic","Comment “sale“，If you want a discount#swimwear #sale #ootd #DealsForY...","https://www.tiktok.com/@MS4wLjABAAAAE5ssFIRGpZ7TixzpemcgiI6nSAJdZChEl0f0HlBe1H1O3ecaA6QWaEVDzfgLdcAn/video/7683469463521365262","2026-09-09T17:45:56+08:00","14","215","0","0","0","0","0"
"ETCYY-US","etcyytrend","#ContrastPanelSweater #RibbedKnitTop #LongSleeveWorkShirt #DesignerLa...","https://www.tiktok.com/@MS4wLjABAAAAprkcshaplh4GRVEjch2qyGQkMpJTwvj34syE0hr48OH6OQLpdV0X2lEQ0RGaSSJI/video/7680103816355679518","2026-08-31T20:36:00+08:00","15","207","2","0","0","0","0.00966183574879227"
"ETCYY-US","etcyylooks","#sohochic#ContrastPanelSweater #RibbedKnitTop #LongSleeveWorkShirt #D...","https://www.tiktok.com/@MS4wLjABAAAADN4bHzuz0PCRGRcv7_0WFFbcB8MFIjAUxm-kcIWbHF-MM0aJ3NDRBv8YjN8WLJ5D/video/7680457752883383565","2026-09-01T22:29:00+08:00","15","204","1","0","0","0","0.004901960784313725"
"ETCYY-US","etcyy.lookbook","#LayeredLookShirt #WomensFashionTop #StripedPatchworkBlouse #OutfitIn...","https://www.tiktok.com/@MS4wLjABAAAAB7ADPXI4N-HH1kKQPqRQpjW4QtjQqIyrM58InkyoFYDSQvaMkewMEw7yVlkLy41g/video/7680123686053023007","2026-08-31T19:53:00+08:00","15","203","0","0","0","0","0"
"ETCYY-US","etcyy.style.us","#sohochic#tiktok#tiktokshop#ootd","https://www.tiktok.com/@MS4wLjABAAAAyvCdZacPbOoMqVoNHx1jnTFM61na9G5Hmne_0LuLgNtdyQEUZoM7QHng8OcMCeDe/video/7680894357502823710","2026-09-02T21:42:00+08:00","15","201","0","0","0","0","0"
"ETCYY-US","etcyy.style.us","#sohochic#StripedLayeredBlouse #WomensKnitShirt #SmartCasualOutfit #N...","https://www.tiktok.com/@MS4wLjABAAAAyvCdZacPbOoMqVoNHx1jnTFM61na9G5Hmne_0LuLgNtdyQEUZoM7QHng8OcMCeDe/video/7680461384341146911","2026-09-01T22:43:00+08:00","15","201","0","0","0","0","0"
"ETCYY-US","etcyy.daily","#sohochic#tiktok#tiktokshop#ootd","https://www.tiktok.com/@MS4wLjABAAAAIn9Zn1XR3yoPHf7kI7b0dNMyczGiKiCXWt5uQC6k58sBwWdTeJeAX0uzcfrXFpcE/video/7680865987444411679","2026-09-02T18:52:00+08:00","15","200","0","0","0","0","0"
"ETCYY-US","etcyy.wear","#sohochic#tiktok#tiktokshop#ootd","https://www.tiktok.com/@MS4wLjABAAAASYmu1XGMcfs93-fOI77Urb73o1YDOmpOcA7fNZSv0jajFPiuSKiyyFHWc3bWvP-g/video/7680863818465004814","2026-09-02T17:14:47+08:00","15","200","0","0","0","0","0"
"ETCYY","etfashion.chic","tie-back cutout monokini#swimwear #bikini #tiktokshopbacktoschool","https://www.tiktok.com/@MS4wLjABAAAAE5ssFIRGpZ7TixzpemcgiI6nSAJdZChEl0f0HlBe1H1O3ecaA6QWaEVDzfgLdcAn/video/7680853159132073230","2026-09-02T16:33:20+08:00","11","195","0","0","0","0","0"
"ETCYY","etcyychic","inal summer price cuts just hit the store#swimwear #bikini #ootd #sum...","https://www.tiktok.com/@MS4wLjABAAAA67cypz92QYqZmYg6fDgoLRPkXFvwonvRMfQTgbnU5iceQDLjyEX97uDleqIj141n/video/7679726547443453215","2026-08-30T15:41:52+08:00","9","195","0","0","0","0","0"
"ETCYY-US","etcyy.lookbook","#LayeredLookShirt #WomensFashionTop #StripedPatchworkBlouse #OutfitIn...","https://www.tiktok.com/@MS4wLjABAAAAB7ADPXI4N-HH1kKQPqRQpjW4QtjQqIyrM58InkyoFYDSQvaMkewMEw7yVlkLy41g/video/7680123589898587423","2026-08-31T18:52:00+08:00","15","194","1","0","0","0","0.005154639175257732"
"ETCYY","etcyy.girl","denim patchwork polo knit#Sweater #Pullover #Preppy #tiktokshopbackto...","https://www.tiktok.com/@MS4wLjABAAAAED6sbt0gYEWU6akMi_DNMrZdwnMl5vHKWozKnOQrev5G2fpWaWyKhzy9WYwG3Yi2/video/7681209635411332365","2026-09-03T15:37:20+08:00","15","193","0","0","0","0","0"
"ETCYY","etfashion.chic","cross-strap backless swimsuit#swimwear #SwimsuitKiller #onepieceswims...","https://www.tiktok.com/@MS4wLjABAAAAE5ssFIRGpZ7TixzpemcgiI6nSAJdZChEl0f0HlBe1H1O3ecaA6QWaEVDzfgLdcAn/video/7681986045147188493","2026-09-05T17:50:34+08:00","15","192","0","0","0","0","0"
"ETCYY-US","etcyy_chic7","Last day 🤩#comfyoutfit #ootd #EffortlssChic #fyp ","https://www.tiktok.com/@MS4wLjABAAAAOZlo8VLhFzwQxaJz__FbmqrJNInlS5egBBy6-UlIZAlLyOJpocLBFn8VCUkjTHxW/video/7678885244010843406","2026-08-28T09:16:44+08:00","15","190","1","0","0","0","0.005263157894736842"
"ETCYY-US","etcyy.style","#sohochic #CozyWorkWear #WomensLongSleeveTop #BusinessCasualEssential...","https://www.tiktok.com/@MS4wLjABAAAAQ3FFLKyG0bIqEGSl9sECwwUSBa9ardtZjxuurrr8cU1J7aq2bG_vJhHFQ5YOavmm/video/7680470939624017165","2026-09-01T22:20:00+08:00","15","189","0","0","0","0","0"
"ETCYY","etcyychic","Comment “sale“，If you want a discount#swimwear #bikini #ootd #fyp","https://www.tiktok.com/@MS4wLjABAAAA67cypz92QYqZmYg6fDgoLRPkXFvwonvRMfQTgbnU5iceQDLjyEX97uDleqIj141n/video/7682695108361260319","2026-09-07T15:41:31+08:00","14","187","0","0","0","0","0"
"ETCYY","etcyychic","final summer clearance#swimwear #SwimsuitKiller #onepieceswimsuit #mo...","https://www.tiktok.com/@MS4wLjABAAAA67cypz92QYqZmYg6fDgoLRPkXFvwonvRMfQTgbnU5iceQDLjyEX97uDleqIj141n/video/7681597763548663070","2026-09-04T16:43:41+08:00","12","186","0","0","0","0","0"
"ETCYY-US","etcyylooks","#sohochic#ContrastPanelSweater #RibbedKnitTop #LongSleeveWorkShirt #D...","https://www.tiktok.com/@MS4wLjABAAAADN4bHzuz0PCRGRcv7_0WFFbcB8MFIjAUxm-kcIWbHF-MM0aJ3NDRBv8YjN8WLJ5D/video/7680457181329771789","2026-09-01T21:27:00+08:00","15","185","3","0","0","0","0.016216216216216217"
"ETCYY-US","etcyy.clothing","officially my holy grail dress for work & events ☁️✨#dress #ootd #tik...","https://www.tiktok.com/@MS4wLjABAAAAyrl-2vBe_tJH8pTVAnpx0Og_G2XcHCcoICR6Y3ZzRf5A2poh7m03SlFMo4Wr48q9/video/7679770388531907854","2026-08-30T18:32:33+08:00","15","183","0","0","0","0","0"
"ETCYY-US","etcyy.glam","#ootd#ButtonDetailBlouse #WomensFashionBlouse#UniqueDesignShirt","https://www.tiktok.com/@MS4wLjABAAAAI95MRpE0J2k31jCljJSn-F0-knBxN1H-2B629ifUTuROBthPTMhoEBgJdtPsHfIL/video/7679390062622018846","2026-08-29T18:31:00+08:00","15","183","1","0","0","0","0.00546448087431694"
"ETCYY","etcyy.girl","denim collar ribbed cuff jumper#Pullover #comfyoutfit #Y2K #tiktoksho...","https://www.tiktok.com/@MS4wLjABAAAAED6sbt0gYEWU6akMi_DNMrZdwnMl5vHKWozKnOQrev5G2fpWaWyKhzy9WYwG3Yi2/video/7680856078233373965","2026-09-02T16:44:41+08:00","9","183","1","0","0","0","0.00546448087431694"
"ETCYY-US","etcyytrend","TikTok video #7678223817923104014","https://www.tiktok.com/@MS4wLjABAAAAprkcshaplh4GRVEjch2qyGQkMpJTwvj34syE0hr48OH6OQLpdV0X2lEQ0RGaSSJI/video/7678223817923104014","2026-08-26T14:30:06+08:00","11","182","1","0","0","0","0.005494505494505495"
"ETCYY-US","etcyy.trends","#tiktok #tiktokshop #ootd ","https://www.tiktok.com/@MS4wLjABAAAAxjZhhWuHncPj_vKg81t30P0KBSD0vIEjkmVaF2TqCud5QgyDrA1hvlysd3ksAMex/video/7678234378148826382","2026-08-26T16:40:00+08:00","15","180","0","0","0","0","0"
"ETCYY-US","etcyywears","#sohochic#StripedLayeredBlouse #WomensKnitShirt #SmartCasualOutfit #N...","https://www.tiktok.com/@MS4wLjABAAAAZ79LMZFS-icRZjdE7C2BragqlZXfRKdeJ1H08NhO17EzAka-g_0oBEmtg9Z4nERS/video/7680460868819176734","2026-09-01T22:41:00+08:00","15","177","0","0","0","0","0"
"ETCYY-US","etcyy.vibes","#WomensQuarterSnapPullover #sohochic#MapleLeafPrintTop #OversizedFall...","https://www.tiktok.com/@MS4wLjABAAAAXhiLJGfuFXjsz8jJC7Xaebg4LFMP8HA-uFYWXldxI_udMGjoWd4xhdhbupkeG_5d/video/7680585499857276190","2026-09-02T00:56:00+08:00","15","170","0","0","0","0","0"
"ETCYY-US","etcyyus","this pink stripe moment is giving pure picnic perfection 🌸#maxidress ...","https://www.tiktok.com/@MS4wLjABAAAAyS0K7XiI6U2qU30yfAAxxzCeJhmkiy9nNrpamMAoKTZA6z_yoqAbUo4uI9Zh9AzN/video/7678657267792710943","2026-08-27T18:32:37+08:00","15","169","1","0","0","0","0.005917159763313609"
"ETCYY-US","etcyywears","#sohochic#StripedLayeredBlouse #WomensKnitShirt #SmartCasualOutfit #N...","https://www.tiktok.com/@MS4wLjABAAAAZ79LMZFS-icRZjdE7C2BragqlZXfRKdeJ1H08NhO17EzAka-g_0oBEmtg9Z4nERS/video/7680460664413981982","2026-09-01T21:40:00+08:00","15","167","0","0","0","0","0"
"ETCYY-US","etcyy.wear","#sohochic#tiktok#tiktokshop#ootd","https://www.tiktok.com/@MS4wLjABAAAASYmu1XGMcfs93-fOI77Urb73o1YDOmpOcA7fNZSv0jajFPiuSKiyyFHWc3bWvP-g/video/7680863671832038669","2026-09-02T19:43:00+08:00","15","166","3","0","0","0","0.018072289156626505"
"ETCYY-US","etcyy.style","#WorkFromHomeBlouse #CozyWorkWear #WomensLongSleeveTop #BusinessCasua...","https://www.tiktok.com/@MS4wLjABAAAAQ3FFLKyG0bIqEGSl9sECwwUSBa9ardtZjxuurrr8cU1J7aq2bG_vJhHFQ5YOavmm/video/7679393152863620366","2026-08-29T19:38:00+08:00","15","165","0","0","0","0","0"
"ETCYY-US","etcyytrend","#sohochic#ContrastPanelSweater #RibbedKnitTop #LongSleeveWorkShirt #D...","https://www.tiktok.com/@MS4wLjABAAAAprkcshaplh4GRVEjch2qyGQkMpJTwvj34syE0hr48OH6OQLpdV0X2lEQ0RGaSSJI/video/7680457002400681229","2026-09-01T22:25:00+08:00","15","164","0","0","0","0","0"
"ETCYY-US","etcyy.outfits","#tiktok #tiktokshop #ootd ","https://www.tiktok.com/@MS4wLjABAAAAoQFJPQPYC22qIvVGvvvRC0g_My8pz54doaZlHyyB-tRzCgol_WB2xUmnrUdaPRmI/video/7678223163221757215","2026-08-26T17:57:00+08:00","15","163","0","0","0","0","0"
"ETCYY-US","wardrobepicked","[GUNEST] Women's SummerSmocked Midi Dress-V-neck#summerfinds #tiktoks...","https://www.tiktok.com/@MS4wLjABAAAA-KhelFlYiQz8vPYpnvp-W4flOK_khCxv3qHvtIHVSb7eH_s2sSz3h2HyLbrplwEw/video/7681608414694362399","2026-09-04T17:25:10+08:00","13","160","1","0","0","0","0.00625"
"ETCYY-US","etcyy.lookbook","#sohochic#StandCollarHalfSnapSweatshirt #MapleCamouflagePullover #Wom...","https://www.tiktok.com/@MS4wLjABAAAAB7ADPXI4N-HH1kKQPqRQpjW4QtjQqIyrM58InkyoFYDSQvaMkewMEw7yVlkLy41g/video/7680589799585074463","2026-09-02T00:59:00+08:00","15","158","1","0","0","0","0.006329113924050633"
"ETCYY-US","etcyy.dressup","#ootd#UniqueDesignShirt #WomensFashionBlouse#NavyBlueLayeredBlouse","https://www.tiktok.com/@MS4wLjABAAAAslEi_1sYHkbThsHqrWa75z0z-JZSMtjOhC5Sm0sHW62rv4fEXEi-Zf6ZBJU-cw7E/video/7678643353432476942","2026-08-27T19:09:00+08:00","15","156","0","0","0","0","0"
"ETCYY-US","etcyy.style","#sohochic #CozyWorkWear #WomensLongSleeveTop #BusinessCasualEssential...","https://www.tiktok.com/@MS4wLjABAAAAQ3FFLKyG0bIqEGSl9sECwwUSBa9ardtZjxuurrr8cU1J7aq2bG_vJhHFQ5YOavmm/video/7680470189070224654","2026-09-01T20:17:00+08:00","15","155","0","0","0","0","0"
"ETCYY-US","etcyy.wear","#ootd#WomensOfficeBlouse #StripedKnitTop #WorkWearForWomen ","https://www.tiktok.com/@MS4wLjABAAAASYmu1XGMcfs93-fOI77Urb73o1YDOmpOcA7fNZSv0jajFPiuSKiyyFHWc3bWvP-g/video/7679024945711631629","2026-08-28T19:49:00+08:00","15","155","0","0","0","0","0"
"ETCYY-US","etcyycloset","#RelaxedFitBlouse#BlueWhiteStripeTop#ChicOfficeBlouse #LayeredFashionTop","https://www.tiktok.com/@MS4wLjABAAAAaCwGq_3D-9xVRayIp3icS8N58NePtV5mre_jyDhWQjswQeXIrKxf3p1Wm-uUCb7V/video/7680122408942046477","2026-08-31T18:48:00+08:00","15","152","0","0","0","0","0"
"ETCYY-US","etcyy.vibes","#WomensQuarterSnapPullover #sohochic#MapleLeafPrintTop #OversizedFall...","https://www.tiktok.com/@MS4wLjABAAAAXhiLJGfuFXjsz8jJC7Xaebg4LFMP8HA-uFYWXldxI_udMGjoWd4xhdhbupkeG_5d/video/7680585828891888926","2026-09-01T23:16:04+08:00","15","150","0","0","0","0","0"
"ETCYY","etcyy.girl","denim collar layered top#Sweater #Pullover #Preppy #tiktokshopbacktos...","https://www.tiktok.com/@MS4wLjABAAAAED6sbt0gYEWU6akMi_DNMrZdwnMl5vHKWozKnOQrev5G2fpWaWyKhzy9WYwG3Yi2/video/7681240575852416270","2026-09-03T17:36:45+08:00","14","150","0","0","0","0","0"
"ETCYY-US","etcyytrend","#ContrastPanelSweater #RibbedKnitTop #LongSleeveWorkShirt #DesignerLa...","https://www.tiktok.com/@MS4wLjABAAAAprkcshaplh4GRVEjch2qyGQkMpJTwvj34syE0hr48OH6OQLpdV0X2lEQ0RGaSSJI/video/7680104120568630558","2026-08-31T22:37:00+08:00","15","149","0","0","0","0","0"
"ETCYY-US","etcyy.style","#WorkFromHomeBlouse #CozyWorkWear #WomensLongSleeveTop #BusinessCasua...","https://www.tiktok.com/@MS4wLjABAAAAQ3FFLKyG0bIqEGSl9sECwwUSBa9ardtZjxuurrr8cU1J7aq2bG_vJhHFQ5YOavmm/video/7680117459445107981","2026-08-31T17:28:00+08:00","15","148","0","0","0","0","0"
"ETCYY-US","etcyy_chic7","Comment “sale“，If you want a discount#blouse #ootd #tiktokshopmademeb...","https://www.tiktok.com/@MS4wLjABAAAAOZlo8VLhFzwQxaJz__FbmqrJNInlS5egBBy6-UlIZAlLyOJpocLBFn8VCUkjTHxW/video/7683066707195301134","2026-09-08T15:43:04+08:00","15","147","3","0","0","0","0.02040816326530612"
"ETCYY-US","etcyyus","cowgirl#shirts #cowgirl #ootd #DealsForYouDays","https://www.tiktok.com/@MS4wLjABAAAAyS0K7XiI6U2qU30yfAAxxzCeJhmkiy9nNrpamMAoKTZA6z_yoqAbUo4uI9Zh9AzN/video/7676756233226882335","2026-08-22T15:35:29+08:00","14","147","0","0","0","0","0"
"ETCYY-US","etcyylooks","#sohochic#ContrastPanelSweater #RibbedKnitTop #LongSleeveWorkShirt #D...","https://www.tiktok.com/@MS4wLjABAAAADN4bHzuz0PCRGRcv7_0WFFbcB8MFIjAUxm-kcIWbHF-MM0aJ3NDRBv8YjN8WLJ5D/video/7680457074618158349","2026-09-01T20:26:00+08:00","15","147","0","0","0","0","0"
"ETCYY-US","etcyy.vibes","#tiktok #tiktokshop #tood ","https://www.tiktok.com/@MS4wLjABAAAAXhiLJGfuFXjsz8jJC7Xaebg4LFMP8HA-uFYWXldxI_udMGjoWd4xhdhbupkeG_5d/video/7677499267291942175","2026-08-24T17:08:00+08:00","15","144","0","0","0","0","0"
"ETCYY-US","etcyy.mode","#tiktok #tiktokshop #ootd ","https://www.tiktok.com/@MS4wLjABAAAAAzWwlO1snm3knv0nLXURI_21KQG9TG5Rl0IsUoNTIiH1nJlP5ORdCNRtOnNp_FBF/video/7677976719369817358","2026-08-26T01:01:00+08:00","15","144","0","0","0","0","0"
"ETCYY-US","etcyylooks","#ootd #tiktokshop #denimtop #casualstyle","https://www.tiktok.com/@MS4wLjABAAAADN4bHzuz0PCRGRcv7_0WFFbcB8MFIjAUxm-kcIWbHF-MM0aJ3NDRBv8YjN8WLJ5D/video/7681982700802018574","2026-09-05T19:07:00+08:00","15","141","0","0","0","0","0"
"ETCYY-US","etcyy.vibes","#tiktok #tiktokshop #tood ","https://www.tiktok.com/@MS4wLjABAAAAXhiLJGfuFXjsz8jJC7Xaebg4LFMP8HA-uFYWXldxI_udMGjoWd4xhdhbupkeG_5d/video/7678230127657897246","2026-08-26T17:24:00+08:00","15","137","0","0","0","0","0"
"ETCYY-US","etcyy.shop","best mall find today#sweater #blouse #tiktokshopbacktoschool #fyp","https://www.tiktok.com/@MS4wLjABAAAAk77v-F906GlGTkZZ5pEuTXeDeihRllX-eae_barUoG6rv7_TlXAxE563gn3C1XXo/video/7681953141574733086","2026-09-05T15:42:24+08:00","10","135","0","0","0","0","0"
"ETCYY-US","etcyy.outfits","#ootd#UniqueDesignShirt #WomensFashionBlouse#NavyBlueLayeredBlouse","https://www.tiktok.com/@MS4wLjABAAAAoQFJPQPYC22qIvVGvvvRC0g_My8pz54doaZlHyyB-tRzCgol_WB2xUmnrUdaPRmI/video/7680093987943763231","2026-08-31T21:57:00+08:00","15","129","0","0","0","0","0"
"ETCYY-US","etcyy.vibes","#tiktok #tiktokshop #tood ","https://www.tiktok.com/@MS4wLjABAAAAXhiLJGfuFXjsz8jJC7Xaebg4LFMP8HA-uFYWXldxI_udMGjoWd4xhdhbupkeG_5d/video/7677499516290993438","2026-08-24T18:10:00+08:00","15","127","0","0","0","0","0"
"ETCYY-US","etcyy.daily","#LayeredLookShirt #WomensFashionTop #StripedPatchworkBlouse #OutfitIn...","https://www.tiktok.com/@MS4wLjABAAAAIn9Zn1XR3yoPHf7kI7b0dNMyczGiKiCXWt5uQC6k58sBwWdTeJeAX0uzcfrXFpcE/video/7680125580343282974","2026-08-31T19:59:00+08:00","15","127","0","0","0","0","0"
"ETCYY-US","etcyytrend","#sohochic#ContrastPanelSweater #RibbedKnitTop #LongSleeveWorkShirt #D...","https://www.tiktok.com/@MS4wLjABAAAAprkcshaplh4GRVEjch2qyGQkMpJTwvj34syE0hr48OH6OQLpdV0X2lEQ0RGaSSJI/video/7680456593762159886","2026-09-01T20:24:00+08:00","15","127","1","0","0","0","0.007874015748031496"
"ETCYY","etfashion.chic","Comment “sale“，If you want a discount#swimwear #sale #ootd #DealsForY...","https://www.tiktok.com/@MS4wLjABAAAAE5ssFIRGpZ7TixzpemcgiI6nSAJdZChEl0f0HlBe1H1O3ecaA6QWaEVDzfgLdcAn/video/7683453970655874318","2026-09-09T16:45:52+08:00","11","127","0","0","0","0","0"
"ETCYY-US","etcyy.outfits","#ootd#UniqueDesignShirt #WomensFashionBlouse#NavyBlueLayeredBlouse","https://www.tiktok.com/@MS4wLjABAAAAoQFJPQPYC22qIvVGvvvRC0g_My8pz54doaZlHyyB-tRzCgol_WB2xUmnrUdaPRmI/video/7680093961742060830","2026-08-31T20:56:00+08:00","15","125","0","0","0","0","0"
"ETCYY","etcyychic","two-tone crossover one-piece#swimwear #bikini #tiktokshopbacktoschool","https://www.tiktok.com/@MS4wLjABAAAA67cypz92QYqZmYg6fDgoLRPkXFvwonvRMfQTgbnU5iceQDLjyEX97uDleqIj141n/video/7680872149720223006","2026-09-02T17:47:04+08:00","9","125","1","0","0","1","0.008"
"ETCYY-US","etcyycloset","#sohochic#AutumnLeafCamoTop #WomensFallFashion #VintageCamoSweatshirt...","https://www.tiktok.com/@MS4wLjABAAAAaCwGq_3D-9xVRayIp3icS8N58NePtV5mre_jyDhWQjswQeXIrKxf3p1Wm-uUCb7V/video/7680572240672378125","2026-09-01T22:23:44+08:00","15","123","0","0","0","0","0"
"ETCYY-US","etcyy.style.us","#StripedLayeredBlouse #WomensKnitShirt #SmartCasualOutfit #NavyWorkT","https://www.tiktok.com/@MS4wLjABAAAAyvCdZacPbOoMqVoNHx1jnTFM61na9G5Hmne_0LuLgNtdyQEUZoM7QHng8OcMCeDe/video/7680130682923896094","2026-08-31T19:20:00+08:00","15","122","0","0","0","0","0"
"ETCYY-US","etcyylooks","#ContrastPanelSweater #RibbedKnitTop #LongSleeveWorkShirt #DesignerLa...","https://www.tiktok.com/@MS4wLjABAAAADN4bHzuz0PCRGRcv7_0WFFbcB8MFIjAUxm-kcIWbHF-MM0aJ3NDRBv8YjN8WLJ5D/video/7679036249276992781","2026-08-28T19:03:09+08:00","15","119","0","0","0","0","0"
"ETCYY-US","etcyy.style","#sohochic#tiktok#tiktokshop#ootd","https://www.tiktok.com/@MS4wLjABAAAAQ3FFLKyG0bIqEGSl9sECwwUSBa9ardtZjxuurrr8cU1J7aq2bG_vJhHFQ5YOavmm/video/7681970674616831245","2026-09-05T16:51:04+08:00","15","117","0","0","0","0","0"
"ETCYY-US","etcyy.daily","#LayeredLookShirt #WomensFashionTop #StripedPatchworkBlouse #OutfitIn...","https://www.tiktok.com/@MS4wLjABAAAAIn9Zn1XR3yoPHf7kI7b0dNMyczGiKiCXWt5uQC6k58sBwWdTeJeAX0uzcfrXFpcE/video/7680125267712445727","2026-08-31T17:58:53+08:00","15","117","2","0","0","0","0.017094017094017096"
"ETCYY-US","etcyyfashion.us","TikTok video #7678223806753787150","https://www.tiktok.com/@MS4wLjABAAAAp926TyS2DAQENQPGFLeFUMmbKXdhwNitFIkicm5Aw5Ep27vC7G5qDsoD_An3R6JY/video/7678223806753787150","2026-08-26T14:30:06+08:00","11","117","2","0","0","0","0.017094017094017096"
"ETCYY","etcyychic","score this viral swimsuit during the biggest summer sale 🏷️#swimwear ...","https://www.tiktok.com/@MS4wLjABAAAA67cypz92QYqZmYg6fDgoLRPkXFvwonvRMfQTgbnU5iceQDLjyEX97uDleqIj141n/video/7679755406280772895","2026-08-30T17:34:13+08:00","6","117","0","0","0","0","0"
"ETCYY-US","etcyy.wear","#ootd#WomensOfficeBlouse #StripedKnitTop #WorkWearForWomen ","https://www.tiktok.com/@MS4wLjABAAAASYmu1XGMcfs93-fOI77Urb73o1YDOmpOcA7fNZSv0jajFPiuSKiyyFHWc3bWvP-g/video/7679025369030135054","2026-08-28T20:49:00+08:00","15","115","1","0","0","0","0.008695652173913044"
"ETCYY-US","etcyy.lookbook","#LayeredLookShirt #WomensFashionTop #StripedPatchworkBlouse #OutfitIn...","https://www.tiktok.com/@MS4wLjABAAAAB7ADPXI4N-HH1kKQPqRQpjW4QtjQqIyrM58InkyoFYDSQvaMkewMEw7yVlkLy41g/video/7680123457220267295","2026-08-31T17:52:17+08:00","15","115","0","0","0","0","0"
"ETCYY-US","etcyy.trends","#sohochic#tiktok#tiktokshop#ootd","https://www.tiktok.com/@MS4wLjABAAAAxjZhhWuHncPj_vKg81t30P0KBSD0vIEjkmVaF2TqCud5QgyDrA1hvlysd3ksAMex/video/7681205241542413582","2026-09-03T23:50:00+08:00","15","113","0","0","0","0","0"
"ETCYY-US","etcyylooks","#ContrastPanelSweater #RibbedKnitTop #LongSleeveWorkShirt #DesignerLa...","https://www.tiktok.com/@MS4wLjABAAAADN4bHzuz0PCRGRcv7_0WFFbcB8MFIjAUxm-kcIWbHF-MM0aJ3NDRBv8YjN8WLJ5D/video/7679035959568125197","2026-08-28T20:31:00+08:00","15","111","1","0","0","0","0.009009009009009009"
"ETCYY-US","etcyy.vibes","#WomensQuarterSnapPullover #sohochic#MapleLeafPrintTop #OversizedFall...","https://www.tiktok.com/@MS4wLjABAAAAXhiLJGfuFXjsz8jJC7Xaebg4LFMP8HA-uFYWXldxI_udMGjoWd4xhdhbupkeG_5d/video/7680585280239209759","2026-09-01T23:55:00+08:00","15","109","2","0","0","0","0.01834862385321101"
"ETCYY-US","etcyy.trends","#TwoInOneSweaterShirt #WomensOfficeWear #TrendyLayeredTop #StripedKni...","https://www.tiktok.com/@MS4wLjABAAAAxjZhhWuHncPj_vKg81t30P0KBSD0vIEjkmVaF2TqCud5QgyDrA1hvlysd3ksAMex/video/7680128948264570126","2026-08-31T20:12:00+08:00","15","109","1","0","0","0","0.009174311926605505"
"ETCYY-US","etcyy.trends","#TwoInOneSweaterShirt #WomensOfficeWear #TrendyLayeredTop #StripedKni...","https://www.tiktok.com/@MS4wLjABAAAAxjZhhWuHncPj_vKg81t30P0KBSD0vIEjkmVaF2TqCud5QgyDrA1hvlysd3ksAMex/video/7680128546840333581","2026-08-31T19:12:00+08:00","15","109","0","0","0","0","0"
"ETCYY-US","etcyylooks","#ContrastPanelSweater #RibbedKnitTop #LongSleeveWorkShirt #DesignerLa...","https://www.tiktok.com/@MS4wLjABAAAADN4bHzuz0PCRGRcv7_0WFFbcB8MFIjAUxm-kcIWbHF-MM0aJ3NDRBv8YjN8WLJ5D/video/7679035957131119886","2026-08-28T21:31:00+08:00","15","109","0","0","0","0","0"
"ETCYY-US","etcyy.dressup","#ootd #tiktok #tiktokshop ","https://www.tiktok.com/@MS4wLjABAAAAslEi_1sYHkbThsHqrWa75z0z-JZSMtjOhC5Sm0sHW62rv4fEXEi-Zf6ZBJU-cw7E/video/7679037248985140511","2026-08-28T20:35:00+08:00","15","108","0","0","0","0","0"
"ETCYY-US","etcyy.glam","#sohochic#tiktok#tiktokshop#ootd","https://www.tiktok.com/@MS4wLjABAAAAI95MRpE0J2k31jCljJSn-F0-knBxN1H-2B629ifUTuROBthPTMhoEBgJdtPsHfIL/video/7681584260838378782","2026-09-04T15:51:12+08:00","15","108","0","0","0","0","0"
"ETCYY-US","etcyy.glam","#WomensQuarterSnapPullover #sohochic#MapleLeafPrintTop #OversizedFall...","https://www.tiktok.com/@MS4wLjABAAAAI95MRpE0J2k31jCljJSn-F0-knBxN1H-2B629ifUTuROBthPTMhoEBgJdtPsHfIL/video/7680586978332560671","2026-09-02T00:02:00+08:00","15","107","0","0","0","0","0"
"ETCYY-US","etcyy.shop","puff sleeve ruffle blouse#shirts #ootd #DealsForYouDays #tiktokshopho...","https://www.tiktok.com/@MS4wLjABAAAAk77v-F906GlGTkZZ5pEuTXeDeihRllX-eae_barUoG6rv7_TlXAxE563gn3C1XXo/video/7681611810490813726","2026-09-04T17:37:59+08:00","15","106","1","0","1","0","0.018867924528301886"
"ETCYY-US","etcyy_chic7","best mall find today#Sweater #Pullover #Preppy #tiktokshopbacktoschoo...","https://www.tiktok.com/@MS4wLjABAAAAOZlo8VLhFzwQxaJz__FbmqrJNInlS5egBBy6-UlIZAlLyOJpocLBFn8VCUkjTHxW/video/7681211736359308557","2026-09-03T15:46:14+08:00","10","106","0","0","0","0","0"
"ETCYY-US","etcyy.style.us","TikTok video #7678223543645048094","https://www.tiktok.com/@MS4wLjABAAAAyvCdZacPbOoMqVoNHx1jnTFM61na9G5Hmne_0LuLgNtdyQEUZoM7QHng8OcMCeDe/video/7678223543645048094","2026-08-26T14:29:05+08:00","11","106","1","0","0","0","0.009433962264150943"
"ETCYY-US","etcyycloset","#sohochic#AutumnLeafCamoTop #WomensFallFashion #VintageCamoSweatshirt...","https://www.tiktok.com/@MS4wLjABAAAAaCwGq_3D-9xVRayIp3icS8N58NePtV5mre_jyDhWQjswQeXIrKxf3p1Wm-uUCb7V/video/7680572010753199373","2026-09-02T00:52:00+08:00","15","105","0","0","0","0","0"
"ETCYY-US","etcyyfashion.us","#sohochic#tiktok#tiktokshop#ootd","https://www.tiktok.com/@MS4wLjABAAAAp926TyS2DAQENQPGFLeFUMmbKXdhwNitFIkicm5Aw5Ep27vC7G5qDsoD_An3R6JY/video/7681247614443998477","2026-09-03T18:03:59+08:00","15","104","0","0","0","0","0"
"ETCYY-US","etcyy.glam","#WomensQuarterSnapPullover #sohochic#MapleLeafPrintTop #OversizedFall...","https://www.tiktok.com/@MS4wLjABAAAAI95MRpE0J2k31jCljJSn-F0-knBxN1H-2B629ifUTuROBthPTMhoEBgJdtPsHfIL/video/7680588279347039519","2026-09-01T23:25:39+08:00","15","103","1","0","0","0","0.009708737864077669"
"ETCYY-US","etcyy.clothing","denim-sleeve waffle tee#shirts #ootd #tiktokshopbacktoschool #comfyou...","https://www.tiktok.com/@MS4wLjABAAAAyrl-2vBe_tJH8pTVAnpx0Og_G2XcHCcoICR6Y3ZzRf5A2poh7m03SlFMo4Wr48q9/video/7680870232776264973","2026-09-02T17:39:36+08:00","15","101","3","0","0","0","0.0297029702970297"
"ETCYY-US","etcyy.trends","#tiktok #tiktokshop #ootd ","https://www.tiktok.com/@MS4wLjABAAAAxjZhhWuHncPj_vKg81t30P0KBSD0vIEjkmVaF2TqCud5QgyDrA1hvlysd3ksAMex/video/7678234575616658702","2026-08-26T17:41:00+08:00","15","101","0","0","0","0","0"
"ETCYY-US","etcyy.daily","#sohochic#StandCollarHalfSnapSweatshirt #MapleCamouflagePullover #Wom...","https://www.tiktok.com/@MS4wLjABAAAAIn9Zn1XR3yoPHf7kI7b0dNMyczGiKiCXWt5uQC6k58sBwWdTeJeAX0uzcfrXFpcE/video/7680588857951194398","2026-09-02T00:57:00+08:00","15","99","0","0","0","0","0"
"ETCYY","etcyy.girl","Autumn ootd #fall #outfit #ootd #fyp","https://www.tiktok.com/@MS4wLjABAAAAED6sbt0gYEWU6akMi_DNMrZdwnMl5vHKWozKnOQrev5G2fpWaWyKhzy9WYwG3Yi2/video/7683409406746168589","2026-09-09T14:25:00+08:00","38","99","0","0","0","0","0"
"ETCYY","etcyychic","on sale ☀️🐚#swimwear #SwimsuitKiller #onepieceswimsuit #monokini #oot...","https://www.tiktok.com/@MS4wLjABAAAA67cypz92QYqZmYg6fDgoLRPkXFvwonvRMfQTgbnU5iceQDLjyEX97uDleqIj141n/video/7682370126682852638","2026-09-06T18:41:13+08:00","12","99","0","0","0","0","0"
"ETCYY-US","etcyywears","TikTok video #7678223299096235295","https://www.tiktok.com/@MS4wLjABAAAAZ79LMZFS-icRZjdE7C2BragqlZXfRKdeJ1H08NhO17EzAka-g_0oBEmtg9Z4nERS/video/7678223299096235295","2026-08-26T14:28:07+08:00","11","97","0","0","0","0","0"
"ETCYY-US","etcyy.lookbook","#sohochic#StandCollarHalfSnapSweatshirt #MapleCamouflagePullover #Wom...","https://www.tiktok.com/@MS4wLjABAAAAB7ADPXI4N-HH1kKQPqRQpjW4QtjQqIyrM58InkyoFYDSQvaMkewMEw7yVlkLy41g/video/7680589929902017823","2026-09-02T01:01:00+08:00","15","96","1","0","0","0","0.010416666666666666"
"ETCYY-US","etcyylooks","#ContrastPanelSweater #RibbedKnitTop #LongSleeveWorkShirt #DesignerLa...","https://www.tiktok.com/@MS4wLjABAAAADN4bHzuz0PCRGRcv7_0WFFbcB8MFIjAUxm-kcIWbHF-MM0aJ3NDRBv8YjN8WLJ5D/video/7679398041438227726","2026-08-29T19:57:00+08:00","15","96","2","0","0","0","0.020833333333333332"
"ETCYY-US","etcyy.trends","#sohochic#FallVibesSweatshirt #WomensCozyTop #SeasonalFashionSweatshi...","https://www.tiktok.com/@MS4wLjABAAAAxjZhhWuHncPj_vKg81t30P0KBSD0vIEjkmVaF2TqCud5QgyDrA1hvlysd3ksAMex/video/7680554094838189326","2026-09-01T21:13:17+08:00","15","95","0","0","0","0","0"
"ETCYY-US","etcyyfashion.us","#sohochic#AutumnLeafCamoTop #WomensFallFashion #VintageCamoSweatshirt...","https://www.tiktok.com/@MS4wLjABAAAAp926TyS2DAQENQPGFLeFUMmbKXdhwNitFIkicm5Aw5Ep27vC7G5qDsoD_An3R6JY/video/7680571074504936717","2026-09-02T00:47:00+08:00","15","95","1","0","0","0","0.010526315789473684"
"ETCYY-US","etcyy.trends","#tiktok #tiktokshop #ootd #woman ","https://www.tiktok.com/@MS4wLjABAAAAxjZhhWuHncPj_vKg81t30P0KBSD0vIEjkmVaF2TqCud5QgyDrA1hvlysd3ksAMex/video/7677500187551534349","2026-08-24T17:12:00+08:00","15","92","0","0","0","0","0"
"ETCYY-US","etcyy.trends","#tiktok #tiktokshop #ootd ","https://www.tiktok.com/@MS4wLjABAAAAxjZhhWuHncPj_vKg81t30P0KBSD0vIEjkmVaF2TqCud5QgyDrA1hvlysd3ksAMex/video/7677973390208027918","2026-08-25T22:18:44+08:00","15","91","0","0","0","0","0"
"ETCYY-US","etcyy.dressup","#ootd#UniqueDesignShirt #WomensFashionBlouse#NavyBlueLayeredBlouse","https://www.tiktok.com/@MS4wLjABAAAAslEi_1sYHkbThsHqrWa75z0z-JZSMtjOhC5Sm0sHW62rv4fEXEi-Zf6ZBJU-cw7E/video/7680094720495717662","2026-08-31T22:00:00+08:00","15","90","0","0","0","1","0"
"ETCYY-US","etcyy.trends","#TwoInOneSweaterShirt #WomensOfficeWear #TrendyLayeredTop #StripedKni...","https://www.tiktok.com/@MS4wLjABAAAAxjZhhWuHncPj_vKg81t30P0KBSD0vIEjkmVaF2TqCud5QgyDrA1hvlysd3ksAMex/video/7679395292617116941","2026-08-29T20:46:00+08:00","15","89","0","0","0","0","0"
"ETCYY-US","etcyy.wear","#sohochic#tiktok#tiktokshop#ootd","https://www.tiktok.com/@MS4wLjABAAAASYmu1XGMcfs93-fOI77Urb73o1YDOmpOcA7fNZSv0jajFPiuSKiyyFHWc3bWvP-g/video/7680863478696938765","2026-09-02T18:43:00+08:00","15","87","0","0","0","0","0"
"ETCYY","user5835336672755","#bikini #swimsuit #tankini #fyp ","https://www.tiktok.com/@MS4wLjABAAAAXuF2pGCa0ER5WqwZ1KB7GyADFtjtVr9dtL17wpZoSSxGlvXHRWZUSuik1Cxyd9WD/video/7682453496603446541","2026-09-07T02:33:00+08:00","15","87","1","0","0","0","0.011494252873563218"
"ETCYY-US","etcyycloset","#ootd #tiktokshop #womensfashion #summeroutfit","https://www.tiktok.com/@MS4wLjABAAAAaCwGq_3D-9xVRayIp3icS8N58NePtV5mre_jyDhWQjswQeXIrKxf3p1Wm-uUCb7V/video/7681614884701768973","2026-09-04T19:19:00+08:00","15","86","0","0","0","0","0"
"ETCYY-US","etcyy_chic7","on sale #dress #vneck #zipper #sleeveless #elegant #ootd #tiktokshoph...","https://www.tiktok.com/@MS4wLjABAAAAOZlo8VLhFzwQxaJz__FbmqrJNInlS5egBBy6-UlIZAlLyOJpocLBFn8VCUkjTHxW/video/7681954653122202894","2026-09-05T15:48:31+08:00","13","85","0","0","0","0","0"
"ETCYY-US","etcyy.lookbook","#sohochic#tiktok#tiktokshop#ootd","https://www.tiktok.com/@MS4wLjABAAAAB7ADPXI4N-HH1kKQPqRQpjW4QtjQqIyrM58InkyoFYDSQvaMkewMEw7yVlkLy41g/video/7680865573575691551","2026-09-02T19:51:00+08:00","15","85","0","0","0","0","0"
"ETCYY-US","etcyy.style","#WorkFromHomeBlouse #CozyWorkWear #WomensLongSleeveTop #BusinessCasua...","https://www.tiktok.com/@MS4wLjABAAAAQ3FFLKyG0bIqEGSl9sECwwUSBa9ardtZjxuurrr8cU1J7aq2bG_vJhHFQ5YOavmm/video/7680116914663787790","2026-08-31T19:27:00+08:00","15","83","0","0","0","0","0"
"ETCYY-US","etcyycloset","#RelaxedFitBlouse#BlueWhiteStripeTop#ChicOfficeBlouse #LayeredFashionTop","https://www.tiktok.com/@MS4wLjABAAAAaCwGq_3D-9xVRayIp3icS8N58NePtV5mre_jyDhWQjswQeXIrKxf3p1Wm-uUCb7V/video/7679030559128980750","2026-08-28T21:11:00+08:00","15","82","0","0","0","0","0"
"ETCYY-US","etcyy.glam","#ootd#ButtonDetailBlouse #WomensFashionBlouse#UniqueDesignShirt","https://www.tiktok.com/@MS4wLjABAAAAI95MRpE0J2k31jCljJSn-F0-knBxN1H-2B629ifUTuROBthPTMhoEBgJdtPsHfIL/video/7680128089812176158","2026-08-31T17:40:20+08:00","15","81","0","0","0","0","0"
"ETCYY-US","etcyy.mode","#tiktok #tiktokshop #ootd#woman ","https://www.tiktok.com/@MS4wLjABAAAAAzWwlO1snm3knv0nLXURI_21KQG9TG5Rl0IsUoNTIiH1nJlP5ORdCNRtOnNp_FBF/video/7679030852029828366","2026-08-28T21:11:00+08:00","15","80","0","0","0","0","0"
"ETCYY-US","etcyy.style","#sohochic#tiktok#tiktokshop#ootd","https://www.tiktok.com/@MS4wLjABAAAAQ3FFLKyG0bIqEGSl9sECwwUSBa9ardtZjxuurrr8cU1J7aq2bG_vJhHFQ5YOavmm/video/7682752193581174030","2026-09-07T20:53:00+08:00","15","79","0","0","0","0","0"
"ETCYY-US","etcyywears","#sohochic#tiktok#tiktokshop#ootd","https://www.tiktok.com/@MS4wLjABAAAAZ79LMZFS-icRZjdE7C2BragqlZXfRKdeJ1H08NhO17EzAka-g_0oBEmtg9Z4nERS/video/7681213457772891423","2026-09-03T22:22:00+08:00","15","79","0","0","0","0","0"
"ETCYY-US","etcyy.mode","#TwoInOneSweaterShirt #WomensOfficeWear #TrendyLayeredTop #StripedKni...","https://www.tiktok.com/@MS4wLjABAAAAAzWwlO1snm3knv0nLXURI_21KQG9TG5Rl0IsUoNTIiH1nJlP5ORdCNRtOnNp_FBF/video/7679393658818366734","2026-08-29T20:40:00+08:00","15","78","1","0","0","0","0.01282051282051282"
"ETCYY-US","etcyyfashion.us","#RelaxedFitBlouse#BlueWhiteStripeTop#ChicOfficeBlouse #LayeredFashionTop","https://www.tiktok.com/@MS4wLjABAAAAp926TyS2DAQENQPGFLeFUMmbKXdhwNitFIkicm5Aw5Ep27vC7G5qDsoD_An3R6JY/video/7679398728653868302","2026-08-29T19:59:00+08:00","15","78","0","0","0","0","0"
"ETCYY-US","etcyytrend","#ContrastPanelSweater #RibbedKnitTop #LongSleeveWorkShirt #DesignerLa...","https://www.tiktok.com/@MS4wLjABAAAAprkcshaplh4GRVEjch2qyGQkMpJTwvj34syE0hr48OH6OQLpdV0X2lEQ0RGaSSJI/video/7679033104907963662","2026-08-28T21:21:00+08:00","15","78","0","0","0","0","0"
"ETCYY-US","etcyy.outfits","#ootd#UniqueDesignShirt #WomensFashionBlouse#NavyBlueLayeredBlouse","https://www.tiktok.com/@MS4wLjABAAAAoQFJPQPYC22qIvVGvvvRC0g_My8pz54doaZlHyyB-tRzCgol_WB2xUmnrUdaPRmI/video/7679393152163122463","2026-08-29T19:38:00+08:00","15","77","0","0","0","0","0"
"ETCYY-US","etcyy.lookbook","#sohochic#tiktok#tiktokshop#ootd","https://www.tiktok.com/@MS4wLjABAAAAB7ADPXI4N-HH1kKQPqRQpjW4QtjQqIyrM58InkyoFYDSQvaMkewMEw7yVlkLy41g/video/7681246523786661150","2026-09-03T19:29:00+08:00","15","77","0","0","0","0","0"
"ETCYY-US","etcyy.clothing","energy unlocked 🤍✨#dress #ootd #tiktokshopbacktoschool #backtoschoold...","https://www.tiktok.com/@MS4wLjABAAAAyrl-2vBe_tJH8pTVAnpx0Og_G2XcHCcoICR6Y3ZzRf5A2poh7m03SlFMo4Wr48q9/video/7679739515405094157","2026-08-30T16:32:35+08:00","15","76","0","0","0","0","0"
"ETCYY-US","etcyy.wear","#sohochic#tiktok#tiktokshop#ootd","https://www.tiktok.com/@MS4wLjABAAAASYmu1XGMcfs93-fOI77Urb73o1YDOmpOcA7fNZSv0jajFPiuSKiyyFHWc3bWvP-g/video/7681618767893286157","2026-09-04T19:34:00+08:00","15","76","0","0","0","0","0"
"ETCYY-US","etcyy.style.us","#StripedLayeredBlouse #WomensKnitShirt #SmartCasualOutfit #NavyWorkT","https://www.tiktok.com/@MS4wLjABAAAAyvCdZacPbOoMqVoNHx1jnTFM61na9G5Hmne_0LuLgNtdyQEUZoM7QHng8OcMCeDe/video/7680130999853829406","2026-08-31T17:51:34+08:00","15","75","0","0","0","0","0"
"ETCYY-US","etcyy.shop","ruffle placket short sleeve top#shirts #ootd #DealsForYouDays #tiktok...","https://www.tiktok.com/@MS4wLjABAAAAk77v-F906GlGTkZZ5pEuTXeDeihRllX-eae_barUoG6rv7_TlXAxE563gn3C1XXo/video/7681596796556102942","2026-09-04T16:39:51+08:00","15","74","0","0","0","0","0"
"ETCYY-US","etcyy_chic7","Comment “sale“，If you want a discount#blouse #ootd #tiktokshopmademeb...","https://www.tiktok.com/@MS4wLjABAAAAOZlo8VLhFzwQxaJz__FbmqrJNInlS5egBBy6-UlIZAlLyOJpocLBFn8VCUkjTHxW/video/7683082195216436494","2026-09-08T16:43:08+08:00","15","74","0","0","0","0","0"
"ETCYY-US","etcyytrend","#sohochic#tiktok#tiktokshop#ootd","https://www.tiktok.com/@MS4wLjABAAAAprkcshaplh4GRVEjch2qyGQkMpJTwvj34syE0hr48OH6OQLpdV0X2lEQ0RGaSSJI/video/7681210607701445919","2026-09-03T22:11:00+08:00","15","74","0","0","0","0","0"
"ETCYY-US","etcyy_chic7","cozy 2-piece set now on clearance ☀️#2pieceset #matchingset #loungese...","https://www.tiktok.com/@MS4wLjABAAAAOZlo8VLhFzwQxaJz__FbmqrJNInlS5egBBy6-UlIZAlLyOJpocLBFn8VCUkjTHxW/video/7682346119086591245","2026-09-06T17:08:05+08:00","10","72","0","0","0","0","0"
"ETCYY-US","etcyy.daily","#sohochic#StandCollarHalfSnapSweatshirt #MapleCamouflagePullover #Wom...","https://www.tiktok.com/@MS4wLjABAAAAIn9Zn1XR3yoPHf7kI7b0dNMyczGiKiCXWt5uQC6k58sBwWdTeJeAX0uzcfrXFpcE/video/7680589139288313118","2026-09-01T23:29:11+08:00","15","71","0","0","0","0","0"
"ETCYY-US","etcyy.trends","#sohochic#FallVibesSweatshirt #WomensCozyTop #SeasonalFashionSweatshi...","https://www.tiktok.com/@MS4wLjABAAAAxjZhhWuHncPj_vKg81t30P0KBSD0vIEjkmVaF2TqCud5QgyDrA1hvlysd3ksAMex/video/7680553908766297358","2026-09-01T23:42:00+08:00","15","71","0","0","0","0","0"
"ETCYY-US","etcyyfashion.us","#sohochic#tiktok#tiktokshop#ootd","https://www.tiktok.com/@MS4wLjABAAAAp926TyS2DAQENQPGFLeFUMmbKXdhwNitFIkicm5Aw5Ep27vC7G5qDsoD_An3R6JY/video/7680878644071304461","2026-09-02T20:42:00+08:00","15","71","0","0","0","0","0"
"ETCYY-US","etcyytrend","#ContrastPanelSweater #RibbedKnitTop #LongSleeveWorkShirt #DesignerLa...","https://www.tiktok.com/@MS4wLjABAAAAprkcshaplh4GRVEjch2qyGQkMpJTwvj34syE0hr48OH6OQLpdV0X2lEQ0RGaSSJI/video/7680103973289823519","2026-08-31T21:36:00+08:00","15","71","1","0","0","0","0.014084507042253521"
"ETCYY-US","etcyy.vibes","#ootd#ButtonDetailBlouse #WomensFashionBlouse#UniqueDesignShirt","https://www.tiktok.com/@MS4wLjABAAAAXhiLJGfuFXjsz8jJC7Xaebg4LFMP8HA-uFYWXldxI_udMGjoWd4xhdhbupkeG_5d/video/7680127074316619039","2026-08-31T17:36:28+08:00","15","70","0","0","0","0","0"
"ETCYY-US","etcyy.outfits","#sohochic#tiktok#tiktokshop#ootd","https://www.tiktok.com/@MS4wLjABAAAAoQFJPQPYC22qIvVGvvvRC0g_My8pz54doaZlHyyB-tRzCgol_WB2xUmnrUdaPRmI/video/7681244238373195039","2026-09-03T20:20:00+08:00","15","68","0","0","0","0","0"
"ETCYY","etcyychic","textured backless swimsuit#swimwear #bikini #tiktokshopbacktoschool","https://www.tiktok.com/@MS4wLjABAAAA67cypz92QYqZmYg6fDgoLRPkXFvwonvRMfQTgbnU5iceQDLjyEX97uDleqIj141n/video/7680861153236503839","2026-09-02T17:04:25+08:00","5","66","0","0","0","0","0"
"ETCYY-US","etcyy.dressup","#ootd#UniqueDesignShirt #WomensFashionBlouse#NavyBlueLayeredBlouse","https://www.tiktok.com/@MS4wLjABAAAAslEi_1sYHkbThsHqrWa75z0z-JZSMtjOhC5Sm0sHW62rv4fEXEi-Zf6ZBJU-cw7E/video/7680094456514661663","2026-08-31T20:59:00+08:00","15","65","0","0","0","0","0"
"ETCYY-US","etcyylooks","#ootd #tiktokshop #denimtop #casualstyle","https://www.tiktok.com/@MS4wLjABAAAADN4bHzuz0PCRGRcv7_0WFFbcB8MFIjAUxm-kcIWbHF-MM0aJ3NDRBv8YjN8WLJ5D/video/7682752844700601631","2026-09-07T20:53:00+08:00","15","64","0","0","0","0","0"
"ETCYY-US","etcyy.wear","#sohochic#tiktok#tiktokshop#ootd","https://www.tiktok.com/@MS4wLjABAAAASYmu1XGMcfs93-fOI77Urb73o1YDOmpOcA7fNZSv0jajFPiuSKiyyFHWc3bWvP-g/video/7682753110439251214","2026-09-07T21:56:00+08:00","15","62","0","0","0","0","0"
"ETCYY-US","etcyy.clothing","frill collar striped blouse#shirts #ootd #DealsForYouDays #tiktokshop...","https://www.tiktok.com/@MS4wLjABAAAAyrl-2vBe_tJH8pTVAnpx0Og_G2XcHCcoICR6Y3ZzRf5A2poh7m03SlFMo4Wr48q9/video/7681239686597152014","2026-09-03T17:33:19+08:00","14","61","1","0","0","0","0.01639344262295082"
"ETCYY-US","etcyy.daily","#ootd #tiktokshop #denimfashion #streetwearstyle","https://www.tiktok.com/@MS4wLjABAAAAIn9Zn1XR3yoPHf7kI7b0dNMyczGiKiCXWt5uQC6k58sBwWdTeJeAX0uzcfrXFpcE/video/7682750795778919711","2026-09-07T20:47:00+08:00","15","61","0","0","0","0","0"
"ETCYY-US","etcyy.mode","#sohochic#FallVibesSweatshirt #WomensCozyTop #SeasonalFashionSweatshi...","https://www.tiktok.com/@MS4wLjABAAAAAzWwlO1snm3knv0nLXURI_21KQG9TG5Rl0IsUoNTIiH1nJlP5ORdCNRtOnNp_FBF/video/7680505626295880973","2026-09-01T20:35:00+08:00","15","61","0","0","0","0","0"
"ETCYY-US","etcyy.shop","pink striped tiered midi dress#maxidress #summerdress #fashionfinds #...","https://www.tiktok.com/@MS4wLjABAAAAk77v-F906GlGTkZZ5pEuTXeDeihRllX-eae_barUoG6rv7_TlXAxE563gn3C1XXo/video/7681210319548484895","2026-09-03T15:40:06+08:00","14","60","0","0","0","0","0"
"ETCYY-US","etcyy.trends","#sohochic#tiktok#tiktokshop#ootd","https://www.tiktok.com/@MS4wLjABAAAAxjZhhWuHncPj_vKg81t30P0KBSD0vIEjkmVaF2TqCud5QgyDrA1hvlysd3ksAMex/video/7681205376745786637","2026-09-04T00:50:00+08:00","15","60","0","0","0","0","0"
"ETCYY-US","etcyywears","#StripedLayeredBlouse #WomensKnitShirt #SmartCasualOutfit #NavyWorkT","https://www.tiktok.com/@MS4wLjABAAAAZ79LMZFS-icRZjdE7C2BragqlZXfRKdeJ1H08NhO17EzAka-g_0oBEmtg9Z4nERS/video/7680129972475923742","2026-08-31T19:17:00+08:00","15","60","0","0","0","0","0"
"ETCYY-US","etcyy_chic7","on sale #dress #vneck #zipper #sleeveless #elegant #ootd #tiktokshoph...","https://www.tiktok.com/@MS4wLjABAAAAOZlo8VLhFzwQxaJz__FbmqrJNInlS5egBBy6-UlIZAlLyOJpocLBFn8VCUkjTHxW/video/7681984481380617486","2026-09-05T17:44:49+08:00","14","58","0","0","0","0","0"
"ETCYY-US","etcyy.dressup","#ootd#UniqueDesignShirt #WomensFashionBlouse#NavyBlueLayeredBlouse","https://www.tiktok.com/@MS4wLjABAAAAslEi_1sYHkbThsHqrWa75z0z-JZSMtjOhC5Sm0sHW62rv4fEXEi-Zf6ZBJU-cw7E/video/7678644228758441229","2026-08-27T20:12:00+08:00","15","58","0","0","0","0","0"
"ETCYY-US","etcyy.daily","#sohochic#tiktok#tiktokshop#ootd","https://www.tiktok.com/@MS4wLjABAAAAIn9Zn1XR3yoPHf7kI7b0dNMyczGiKiCXWt5uQC6k58sBwWdTeJeAX0uzcfrXFpcE/video/7681245969563831583","2026-09-03T19:26:00+08:00","15","58","0","0","0","0","0"
"ETCYY-US","etcyyus","😍 #fyp #cozyvibes #effortlessbeauty ","https://www.tiktok.com/@MS4wLjABAAAAyS0K7XiI6U2qU30yfAAxxzCeJhmkiy9nNrpamMAoKTZA6z_yoqAbUo4uI9Zh9AzN/video/7680367906785430815","2026-09-01T09:10:18+08:00","15","57","0","0","0","0","0"
"ETCYY-US","etcyy.daily","#sohochic#StandCollarHalfSnapSweatshirt #MapleCamouflagePullover #Wom...","https://www.tiktok.com/@MS4wLjABAAAAIn9Zn1XR3yoPHf7kI7b0dNMyczGiKiCXWt5uQC6k58sBwWdTeJeAX0uzcfrXFpcE/video/7680589094002363678","2026-09-02T01:00:00+08:00","15","57","0","0","0","0","0"
"ETCYY-US","etcyy.mode","#tiktok #tiktokshop #ootd ","https://www.tiktok.com/@MS4wLjABAAAAAzWwlO1snm3knv0nLXURI_21KQG9TG5Rl0IsUoNTIiH1nJlP5ORdCNRtOnNp_FBF/video/7678233886270311693","2026-08-26T17:38:00+08:00","15","57","0","0","0","0","0"
"ETCYY-US","etcyy.mode","#tiktok #tiktokshop #ootd ","https://www.tiktok.com/@MS4wLjABAAAAAzWwlO1snm3knv0nLXURI_21KQG9TG5Rl0IsUoNTIiH1nJlP5ORdCNRtOnNp_FBF/video/7677501430848032013","2026-08-24T18:17:00+08:00","15","57","0","0","0","0","0"
"ETCYY-US","etcyyus","easily my best purchase this whole month ☀️💙#shirts #cowboy #ootd #ti...","https://www.tiktok.com/@MS4wLjABAAAAyS0K7XiI6U2qU30yfAAxxzCeJhmkiy9nNrpamMAoKTZA6z_yoqAbUo4uI9Zh9AzN/video/7677871743158979870","2026-08-25T15:44:35+08:00","15","55","1","0","0","0","0.01818181818181818"
"ETCYY-US","etcyy.wear","#sohochic#tiktok#tiktokshop#ootd","https://www.tiktok.com/@MS4wLjABAAAASYmu1XGMcfs93-fOI77Urb73o1YDOmpOcA7fNZSv0jajFPiuSKiyyFHWc3bWvP-g/video/7682753005510216974","2026-09-07T20:56:00+08:00","15","55","0","0","0","0","0"
"ETCYY-US","etcyy.lookbook","#sohochic#tiktok#tiktokshop#ootd","https://www.tiktok.com/@MS4wLjABAAAAB7ADPXI4N-HH1kKQPqRQpjW4QtjQqIyrM58InkyoFYDSQvaMkewMEw7yVlkLy41g/video/7681246963009850654","2026-09-03T20:31:00+08:00","15","55","0","0","0","0","0"
"ETCYY-US","etcyy.clothing","detail#dress #ootd #tiktokshopbacktoschool #backtoschooldress","https://www.tiktok.com/@MS4wLjABAAAAyrl-2vBe_tJH8pTVAnpx0Og_G2XcHCcoICR6Y3ZzRf5A2poh7m03SlFMo4Wr48q9/video/7679724198893227277","2026-08-30T15:32:43+08:00","15","54","0","0","0","0","0"
"ETCYY-US","etcyy.style","#sohochic#tiktok#tiktokshop#ootd","https://www.tiktok.com/@MS4wLjABAAAAQ3FFLKyG0bIqEGSl9sECwwUSBa9ardtZjxuurrr8cU1J7aq2bG_vJhHFQ5YOavmm/video/7681204452665085198","2026-09-03T22:46:00+08:00","15","54","0","0","0","0","0"
"ETCYY-US","etcyy.mode","#sohochic#tiktok#tiktokshop#ootd","https://www.tiktok.com/@MS4wLjABAAAAAzWwlO1snm3knv0nLXURI_21KQG9TG5Rl0IsUoNTIiH1nJlP5ORdCNRtOnNp_FBF/video/7681205690974686477","2026-09-03T23:52:00+08:00","15","54","0","0","0","0","0"
"ETCYY-US","etcyy.wear","#sohochic#tiktok#tiktokshop#ootd","https://www.tiktok.com/@MS4wLjABAAAASYmu1XGMcfs93-fOI77Urb73o1YDOmpOcA7fNZSv0jajFPiuSKiyyFHWc3bWvP-g/video/7682753300780846350","2026-09-07T19:27:31+08:00","15","54","0","0","0","0","0"
"ETCYY-US","etcyy.lookbook","#LayeredLookShirt #WomensFashionTop #StripedPatchworkBlouse #OutfitIn...","https://www.tiktok.com/@MS4wLjABAAAAB7ADPXI4N-HH1kKQPqRQpjW4QtjQqIyrM58InkyoFYDSQvaMkewMEw7yVlkLy41g/video/7679397018338446622","2026-08-29T20:53:00+08:00","15","54","0","0","0","0","0"
"ETCYY-US","etcyyfashion.us","#ootd #tiktokshop #womensfashion #summeroutfit","https://www.tiktok.com/@MS4wLjABAAAAp926TyS2DAQENQPGFLeFUMmbKXdhwNitFIkicm5Aw5Ep27vC7G5qDsoD_An3R6JY/video/7682751959408954637","2026-09-07T21:52:00+08:00","15","54","0","0","0","0","0"
"ETCYY-US","etcyyfashion.us","😊😳😌","https://www.tiktok.com/@MS4wLjABAAAAp926TyS2DAQENQPGFLeFUMmbKXdhwNitFIkicm5Aw5Ep27vC7G5qDsoD_An3R6JY/video/7676767461345185037","2026-08-22T16:18:45+08:00","15","54","0","0","0","0","0"
"ETCYY-US","etcyy.outfits","#ootd #tiktokshop #boutiquefashion #chicstyle","https://www.tiktok.com/@MS4wLjABAAAAoQFJPQPYC22qIvVGvvvRC0g_My8pz54doaZlHyyB-tRzCgol_WB2xUmnrUdaPRmI/video/7682708519761579294","2026-09-07T19:03:00+08:00","15","53","0","0","0","0","0"
"ETCYY-US","etcyycloset","TikTok video #7678223283694669069","https://www.tiktok.com/@MS4wLjABAAAAaCwGq_3D-9xVRayIp3icS8N58NePtV5mre_jyDhWQjswQeXIrKxf3p1Wm-uUCb7V/video/7678223283694669069","2026-08-26T14:28:09+08:00","11","53","0","0","0","0","0"
"ETCYY-US","etcyywears","TikTok video #7676763056059190558","https://www.tiktok.com/@MS4wLjABAAAAZ79LMZFS-icRZjdE7C2BragqlZXfRKdeJ1H08NhO17EzAka-g_0oBEmtg9Z4nERS/video/7676763056059190558","2026-08-22T16:02:20+08:00","15","52","0","0","0","0","0"
"ETCYY-US","etcyyfashion.us","#RelaxedFitBlouse#BlueWhiteStripeTop#ChicOfficeBlouse #LayeredFashionTop","https://www.tiktok.com/@MS4wLjABAAAAp926TyS2DAQENQPGFLeFUMmbKXdhwNitFIkicm5Aw5Ep27vC7G5qDsoD_An3R6JY/video/7680120976658517262","2026-08-31T19:43:00+08:00","15","51","0","0","0","0","0"
"ETCYY-US","etcyy.clothing","date night piece 🖤#mesh #blouse #outfit #tiktokshopbacktoschool #back...","https://www.tiktok.com/@MS4wLjABAAAAyrl-2vBe_tJH8pTVAnpx0Og_G2XcHCcoICR6Y3ZzRf5A2poh7m03SlFMo4Wr48q9/video/7679399253566967053","2026-08-29T18:32:53+08:00","13","49","1","0","0","1","0.02040816326530612"
"ETCYY-US","etcyy.glam","#ootd#ButtonDetailBlouse #WomensFashionBlouse#UniqueDesignShirt","https://www.tiktok.com/@MS4wLjABAAAAI95MRpE0J2k31jCljJSn-F0-knBxN1H-2B629ifUTuROBthPTMhoEBgJdtPsHfIL/video/7679390803583585567","2026-08-29T17:59:20+08:00","15","49","1","0","0","0","0.02040816326530612"
"ETCYY-US","etcyyfashion.us","#sohochic#AutumnLeafCamoTop #WomensFallFashion #VintageCamoSweatshirt...","https://www.tiktok.com/@MS4wLjABAAAAp926TyS2DAQENQPGFLeFUMmbKXdhwNitFIkicm5Aw5Ep27vC7G5qDsoD_An3R6JY/video/7680571383763520781","2026-09-01T22:20:21+08:00","15","49","0","0","0","0","0"
"ETCYY-US","etcyyus","cowgirl#shirts #cowgirl #ootd #DealsForYouDays","https://www.tiktok.com/@MS4wLjABAAAAyS0K7XiI6U2qU30yfAAxxzCeJhmkiy9nNrpamMAoKTZA6z_yoqAbUo4uI9Zh9AzN/video/7677188234970942750","2026-08-23T19:32:20+08:00","13","48","0","0","0","0","0"
"ETCYY-US","etcyy.glam","#sohochic#tiktok#tiktokshop#ootd","https://www.tiktok.com/@MS4wLjABAAAAI95MRpE0J2k31jCljJSn-F0-knBxN1H-2B629ifUTuROBthPTMhoEBgJdtPsHfIL/video/7681584132484238622","2026-09-04T18:32:00+08:00","15","47","0","0","0","0","0"
"ETCYY-US","etcyy.mode","#sohochic#FallVibesSweatshirt #WomensCozyTop #SeasonalFashionSweatshi...","https://www.tiktok.com/@MS4wLjABAAAAAzWwlO1snm3knv0nLXURI_21KQG9TG5Rl0IsUoNTIiH1nJlP5ORdCNRtOnNp_FBF/video/7680505242840042766","2026-09-01T19:33:00+08:00","15","47","0","0","0","0","0"
"ETCYY-US","etcyy.trends","#sohochic#tiktok#tiktokshop#ootd","https://www.tiktok.com/@MS4wLjABAAAAxjZhhWuHncPj_vKg81t30P0KBSD0vIEjkmVaF2TqCud5QgyDrA1hvlysd3ksAMex/video/7681205166741179662","2026-09-03T22:49:00+08:00","15","47","0","0","0","0","0"
"ETCYY-US","etcyyfashion.us","#sohochic#tiktok#tiktokshop#ootd","https://www.tiktok.com/@MS4wLjABAAAAp926TyS2DAQENQPGFLeFUMmbKXdhwNitFIkicm5Aw5Ep27vC7G5qDsoD_An3R6JY/video/7680878542107708686","2026-09-02T19:41:00+08:00","15","47","0","0","0","0","0"
"ETCYY-US","etcyycloset","#RelaxedFitBlouse#BlueWhiteStripeTop#ChicOfficeBlouse #LayeredFashionTop","https://www.tiktok.com/@MS4wLjABAAAAaCwGq_3D-9xVRayIp3icS8N58NePtV5mre_jyDhWQjswQeXIrKxf3p1Wm-uUCb7V/video/7679030483589565709","2026-08-28T20:10:00+08:00","15","47","0","0","0","0","0"
"ETCYY","etcyy.girl","contrast denim polo pullover#Sweater #Pullover #Preppy #tiktokshopbac...","https://www.tiktok.com/@MS4wLjABAAAAED6sbt0gYEWU6akMi_DNMrZdwnMl5vHKWozKnOQrev5G2fpWaWyKhzy9WYwG3Yi2/video/7682343835866844429","2026-09-06T16:58:57+08:00","7","47","0","0","0","0","0"
"ETCYY","etcyychic","Comment “sale“，If you want a discount#swimwear #bikini #ootd #fyp","https://www.tiktok.com/@MS4wLjABAAAA67cypz92QYqZmYg6fDgoLRPkXFvwonvRMfQTgbnU5iceQDLjyEX97uDleqIj141n/video/7682726118570331422","2026-09-07T17:41:22+08:00","15","47","1","0","0","0","0.02127659574468085"
"ETCYY-US","etcyyus","80'S#shirts #cowboy #ootd #tiktokshopbacktoschool","https://www.tiktok.com/@MS4wLjABAAAAyS0K7XiI6U2qU30yfAAxxzCeJhmkiy9nNrpamMAoKTZA6z_yoqAbUo4uI9Zh9AzN/video/7676399756163255583","2026-08-21T16:32:40+08:00","15","46","0","0","0","0","0"
"ETCYY-US","etcyy.mode","#TwoInOneSweaterShirt #WomensOfficeWear #TrendyLayeredTop #StripedKni...","https://www.tiktok.com/@MS4wLjABAAAAAzWwlO1snm3knv0nLXURI_21KQG9TG5Rl0IsUoNTIiH1nJlP5ORdCNRtOnNp_FBF/video/7680126871459171597","2026-08-31T20:05:00+08:00","15","46","0","0","0","0","0"
"ETCYY-US","etcyy.style","#sohochic#tiktok#tiktokshop#ootd","https://www.tiktok.com/@MS4wLjABAAAAQ3FFLKyG0bIqEGSl9sECwwUSBa9ardtZjxuurrr8cU1J7aq2bG_vJhHFQ5YOavmm/video/7682752376381689101","2026-09-07T21:54:00+08:00","15","45","0","0","0","0","0"
"ETCYY-US","etcyy.style","#sohochic#tiktok#tiktokshop#ootd","https://www.tiktok.com/@MS4wLjABAAAAQ3FFLKyG0bIqEGSl9sECwwUSBa9ardtZjxuurrr8cU1J7aq2bG_vJhHFQ5YOavmm/video/7681204449443974413","2026-09-03T23:47:00+08:00","15","45","0","0","0","0","0"
"ETCYY-US","etcyy.outfits","#ootd #tiktokshop #boutiquefashion #chicstyle","https://www.tiktok.com/@MS4wLjABAAAAoQFJPQPYC22qIvVGvvvRC0g_My8pz54doaZlHyyB-tRzCgol_WB2xUmnrUdaPRmI/video/7681968268608900366","2026-09-05T18:11:00+08:00","15","45","0","0","0","0","0"
"ETCYY-US","etcyyus","this top is single-handedly saving all my casual outfits 🧢💫#shirts #c...","https://www.tiktok.com/@MS4wLjABAAAAyS0K7XiI6U2qU30yfAAxxzCeJhmkiy9nNrpamMAoKTZA6z_yoqAbUo4uI9Zh9AzN/video/7677917990091853086","2026-08-25T18:44:01+08:00","12","44","0","0","0","0","0"
"ETCYY-US","etcyy.trends","#TwoInOneSweaterShirt #WomensOfficeWear #TrendyLayeredTop #StripedKni...","https://www.tiktok.com/@MS4wLjABAAAAxjZhhWuHncPj_vKg81t30P0KBSD0vIEjkmVaF2TqCud5QgyDrA1hvlysd3ksAMex/video/7679395322996526349","2026-08-29T19:45:00+08:00","15","44","0","0","0","0","0"
"ETCYY-US","etcyy.clothing","puff sleeve striped shirt#shirts #ootd #DealsForYouDays #tiktokshopho...","https://www.tiktok.com/@MS4wLjABAAAAyrl-2vBe_tJH8pTVAnpx0Og_G2XcHCcoICR6Y3ZzRf5A2poh7m03SlFMo4Wr48q9/video/7681224147384519950","2026-09-03T16:33:00+08:00","15","42","0","0","0","0","0"
"ETCYY-US","etcyy.mode","#tiktok #tiktokshop #ootd ","https://www.tiktok.com/@MS4wLjABAAAAAzWwlO1snm3knv0nLXURI_21KQG9TG5Rl0IsUoNTIiH1nJlP5ORdCNRtOnNp_FBF/video/7678233713695558925","2026-08-26T16:38:00+08:00","15","42","0","0","0","0","0"
"ETCYY-US","etcyy.wear","#sohochic#tiktok#tiktokshop#ootd","https://www.tiktok.com/@MS4wLjABAAAASYmu1XGMcfs93-fOI77Urb73o1YDOmpOcA7fNZSv0jajFPiuSKiyyFHWc3bWvP-g/video/7681204014691798286","2026-09-03T22:43:00+08:00","15","42","0","0","0","0","0"
"ETCYY-US","etcyy.lookbook","#ootd #tiktokshop #denimfashion #streetwearstyle","https://www.tiktok.com/@MS4wLjABAAAAB7ADPXI4N-HH1kKQPqRQpjW4QtjQqIyrM58InkyoFYDSQvaMkewMEw7yVlkLy41g/video/7682721281741049118","2026-09-07T19:53:00+08:00","15","41","0","0","0","0","0"
"ETCYY-US","etcyyfashion.us","#RelaxedFitBlouse#BlueWhiteStripeTop#ChicOfficeBlouse #LayeredFashionTop","https://www.tiktok.com/@MS4wLjABAAAAp926TyS2DAQENQPGFLeFUMmbKXdhwNitFIkicm5Aw5Ep27vC7G5qDsoD_An3R6JY/video/7679397847380282637","2026-08-29T20:59:00+08:00","15","41","0","0","0","0","0"
"ETCYY-US","etcyywears","#StripedLayeredBlouse #WomensKnitShirt #SmartCasualOutfit #NavyWorkT","https://www.tiktok.com/@MS4wLjABAAAAZ79LMZFS-icRZjdE7C2BragqlZXfRKdeJ1H08NhO17EzAka-g_0oBEmtg9Z4nERS/video/7679393605613604127","2026-08-29T20:40:00+08:00","15","41","0","0","0","0","0"
"ETCYY-US","etcyyus","cowgirl#shirts #cowgirl #ootd #DealsForYouDays","https://www.tiktok.com/@MS4wLjABAAAAyS0K7XiI6U2qU30yfAAxxzCeJhmkiy9nNrpamMAoKTZA6z_yoqAbUo4uI9Zh9AzN/video/7677126583592701214","2026-08-23T15:32:49+08:00","13","40","0","0","0","0","0"
"ETCYY-US","etcyy.daily","#LayeredLookShirt #WomensFashionTop #StripedPatchworkBlouse #OutfitIn...","https://www.tiktok.com/@MS4wLjABAAAAIn9Zn1XR3yoPHf7kI7b0dNMyczGiKiCXWt5uQC6k58sBwWdTeJeAX0uzcfrXFpcE/video/7679399226358451487","2026-08-29T21:01:00+08:00","15","40","0","0","0","0","0"
"ETCYY-US","etcyyfashion.us","#ootd #tiktokshop #womensfashion #summeroutfit","https://www.tiktok.com/@MS4wLjABAAAAp926TyS2DAQENQPGFLeFUMmbKXdhwNitFIkicm5Aw5Ep27vC7G5qDsoD_An3R6JY/video/7681614418798742797","2026-09-04T20:18:00+08:00","15","40","0","0","0","0","0"
"ETCYY","etcyy.girl","layered denim-trimmed knit top#Pullover #comfyoutfit #Y2K #tiktokshop...","https://www.tiktok.com/@MS4wLjABAAAAED6sbt0gYEWU6akMi_DNMrZdwnMl5vHKWozKnOQrev5G2fpWaWyKhzy9WYwG3Yi2/video/7680870841050991885","2026-09-02T17:41:55+08:00","14","40","0","0","0","0","0"
"ETCYY-US","etcyy.vibes","#tiktok #tiktokshop #tood ","https://www.tiktok.com/@MS4wLjABAAAAXhiLJGfuFXjsz8jJC7Xaebg4LFMP8HA-uFYWXldxI_udMGjoWd4xhdhbupkeG_5d/video/7678229970652531999","2026-08-26T16:23:00+08:00","15","39","0","0","0","0","0"
"ETCYY-US","etcyywears","#sohochic#tiktok#tiktokshop#ootd","https://www.tiktok.com/@MS4wLjABAAAAZ79LMZFS-icRZjdE7C2BragqlZXfRKdeJ1H08NhO17EzAka-g_0oBEmtg9Z4nERS/video/7680891546094275871","2026-09-02T21:32:00+08:00","15","39","0","0","0","0","0"
"ETCYY-US","etcyytrend","#ContrastPanelSweater #RibbedKnitTop #LongSleeveWorkShirt #DesignerLa...","https://www.tiktok.com/@MS4wLjABAAAAprkcshaplh4GRVEjch2qyGQkMpJTwvj34syE0hr48OH6OQLpdV0X2lEQ0RGaSSJI/video/7679033198088686861","2026-08-28T18:51:37+08:00","15","39","0","0","0","0","0"
"ETCYY-US","etcyy_chic7","best mall find today#sweater #blouse #tiktokshopbacktoschool #fyp","https://www.tiktok.com/@MS4wLjABAAAAOZlo8VLhFzwQxaJz__FbmqrJNInlS5egBBy6-UlIZAlLyOJpocLBFn8VCUkjTHxW/video/7681613275187924238","2026-09-04T17:44:14+08:00","10","38","0","0","0","0","0"
"ETCYY-US","etcyyus","zero regrets adding this gem to my closet ☕️✨#shirts #cowboy #ootd #t...","https://www.tiktok.com/@MS4wLjABAAAAyS0K7XiI6U2qU30yfAAxxzCeJhmkiy9nNrpamMAoKTZA6z_yoqAbUo4uI9Zh9AzN/video/7677899575457303838","2026-08-25T17:32:47+08:00","14","38","0","0","0","0","0"
"ETCYY-US","etcyywears","#StripedLayeredBlouse #WomensKnitShirt #SmartCasualOutfit #NavyWorkT","https://www.tiktok.com/@MS4wLjABAAAAZ79LMZFS-icRZjdE7C2BragqlZXfRKdeJ1H08NhO17EzAka-g_0oBEmtg9Z4nERS/video/7680130349413829918","2026-08-31T20:19:00+08:00","15","38","0","0","0","0","0"
"ETCYY","user5835336672755","TikTok video #7682452119273737485","https://www.tiktok.com/@MS4wLjABAAAAXuF2pGCa0ER5WqwZ1KB7GyADFtjtVr9dtL17wpZoSSxGlvXHRWZUSuik1Cxyd9WD/video/7682452119273737485","2026-09-07T01:27:00+08:00","15","38","0","0","0","0","0"
"ETCYY-US","etcyy.glam","#sohochic#tiktok#tiktokshop#ootd","https://www.tiktok.com/@MS4wLjABAAAAI95MRpE0J2k31jCljJSn-F0-knBxN1H-2B629ifUTuROBthPTMhoEBgJdtPsHfIL/video/7681237923370503454","2026-09-03T21:08:00+08:00","15","37","0","0","0","0","0"
"ETCYY-US","etcyy.glam","#ootd#ButtonDetailBlouse #WomensFashionBlouse#UniqueDesignShirt","https://www.tiktok.com/@MS4wLjABAAAAI95MRpE0J2k31jCljJSn-F0-knBxN1H-2B629ifUTuROBthPTMhoEBgJdtPsHfIL/video/7678647835809647903","2026-08-27T17:56:23+08:00","15","37","0","0","0","0","0"
"ETCYY-US","etcyy.glam","#ootd#ButtonDetailBlouse #WomensFashionBlouse#UniqueDesignShirt","https://www.tiktok.com/@MS4wLjABAAAAI95MRpE0J2k31jCljJSn-F0-knBxN1H-2B629ifUTuROBthPTMhoEBgJdtPsHfIL/video/7679390135858793759","2026-08-29T19:31:00+08:00","15","36","0","0","0","0","0"
"ETCYY-US","etcyy.mode","#TwoInOneSweaterShirt #WomensOfficeWear #TrendyLayeredTop #StripedKni...","https://www.tiktok.com/@MS4wLjABAAAAAzWwlO1snm3knv0nLXURI_21KQG9TG5Rl0IsUoNTIiH1nJlP5ORdCNRtOnNp_FBF/video/7680126259531156749","2026-08-31T19:03:00+08:00","15","36","1","0","0","0","0.027777777777777776"
"ETCYY-US","etcyycloset","#ootd #tiktokshop #womensfashion #summeroutfit","https://www.tiktok.com/@MS4wLjABAAAAaCwGq_3D-9xVRayIp3icS8N58NePtV5mre_jyDhWQjswQeXIrKxf3p1Wm-uUCb7V/video/7681615219705105677","2026-09-04T20:20:00+08:00","15","36","0","0","0","0","0"
"ETCYY-US","etcyycloset","#RelaxedFitBlouse#BlueWhiteStripeTop#ChicOfficeBlouse #LayeredFashionTop","https://www.tiktok.com/@MS4wLjABAAAAaCwGq_3D-9xVRayIp3icS8N58NePtV5mre_jyDhWQjswQeXIrKxf3p1Wm-uUCb7V/video/7680122493524315406","2026-08-31T19:48:00+08:00","15","36","0","0","0","0","0"
"ETCYY-US","etcyylooks","#ContrastPanelSweater #RibbedKnitTop #LongSleeveWorkShirt #DesignerLa...","https://www.tiktok.com/@MS4wLjABAAAADN4bHzuz0PCRGRcv7_0WFFbcB8MFIjAUxm-kcIWbHF-MM0aJ3NDRBv8YjN8WLJ5D/video/7680103117085543694","2026-08-31T21:08:00+08:00","15","36","0","0","0","0","0"
"ETCYY-US","etcyy.dressup","#ootd#UniqueDesignShirt #WomensFashionBlouse#NavyBlueLayeredBlouse","https://www.tiktok.com/@MS4wLjABAAAAslEi_1sYHkbThsHqrWa75z0z-JZSMtjOhC5Sm0sHW62rv4fEXEi-Zf6ZBJU-cw7E/video/7679396291100544270","2026-08-29T20:50:00+08:00","15","35","0","0","0","0","0"
"ETCYY-US","etcyy.daily","#ootd #tiktokshop #denimfashion #streetwearstyle","https://www.tiktok.com/@MS4wLjABAAAAIn9Zn1XR3yoPHf7kI7b0dNMyczGiKiCXWt5uQC6k58sBwWdTeJeAX0uzcfrXFpcE/video/7681974695343770910","2026-09-05T18:35:00+08:00","15","35","0","0","0","0","0"
"ETCYY-US","etcyy.lookbook","#tiktok #tiktokshop #ootd ","https://www.tiktok.com/@MS4wLjABAAAAB7ADPXI4N-HH1kKQPqRQpjW4QtjQqIyrM58InkyoFYDSQvaMkewMEw7yVlkLy41g/video/7678231976762985759","2026-08-26T17:31:00+08:00","15","35","0","0","0","0","0"
"ETCYY-US","etcyyfashion.us","#ootd #tiktokshop #womensfashion #summeroutfit","https://www.tiktok.com/@MS4wLjABAAAAp926TyS2DAQENQPGFLeFUMmbKXdhwNitFIkicm5Aw5Ep27vC7G5qDsoD_An3R6JY/video/7681985343729487117","2026-09-05T20:17:00+08:00","15","35","0","0","0","0","0"
"ETCYY","user5835336672755","#bikini #swimsuit #tankini #tiktokbacktoschool #fyp ","https://www.tiktok.com/@MS4wLjABAAAAXuF2pGCa0ER5WqwZ1KB7GyADFtjtVr9dtL17wpZoSSxGlvXHRWZUSuik1Cxyd9WD/video/7676912838320999694","2026-08-23T01:43:05+08:00","15","35","0","0","0","0","0"
"ETCYY-US","etcyy.style","#sohochic#tiktok#tiktokshop#ootd","https://www.tiktok.com/@MS4wLjABAAAAQ3FFLKyG0bIqEGSl9sECwwUSBa9ardtZjxuurrr8cU1J7aq2bG_vJhHFQ5YOavmm/video/7681619559526321422","2026-09-04T20:38:00+08:00","15","34","0","0","0","0","0"
"ETCYY-US","etcyy.style","#WorkFromHomeBlouse #CozyWorkWear #WomensLongSleeveTop #BusinessCasua...","https://www.tiktok.com/@MS4wLjABAAAAQ3FFLKyG0bIqEGSl9sECwwUSBa9ardtZjxuurrr8cU1J7aq2bG_vJhHFQ5YOavmm/video/7679393517948472589","2026-08-29T20:39:00+08:00","15","34","0","0","0","0","0"
"ETCYY","etcyychic","last call for summer vibes!#swimwear #SwimsuitKiller #onepieceswimsui...","https://www.tiktok.com/@MS4wLjABAAAA67cypz92QYqZmYg6fDgoLRPkXFvwonvRMfQTgbnU5iceQDLjyEX97uDleqIj141n/video/7681226469913201951","2026-09-03T16:43:02+08:00","12","34","0","0","0","0","0"
"ETCYY-US","etcyyus","cowgirl#shirts #cowgirl #ootd #DealsForYouDays","https://www.tiktok.com/@MS4wLjABAAAAyS0K7XiI6U2qU30yfAAxxzCeJhmkiy9nNrpamMAoKTZA6z_yoqAbUo4uI9Zh9AzN/video/7676786573517540639","2026-08-22T17:33:39+08:00","13","33","0","0","0","0","0"
"ETCYY-US","etcyy.style","#sohochic#tiktok#tiktokshop#ootd","https://www.tiktok.com/@MS4wLjABAAAAQ3FFLKyG0bIqEGSl9sECwwUSBa9ardtZjxuurrr8cU1J7aq2bG_vJhHFQ5YOavmm/video/7681204641832504589","2026-09-04T00:47:00+08:00","15","33","0","0","0","0","0"
"ETCYY-US","etcyy.wear","#WorkFromHomeBlouse #CozyWorkWear #WomensLongSleeveTop #BusinessCasua...","https://www.tiktok.com/@MS4wLjABAAAASYmu1XGMcfs93-fOI77Urb73o1YDOmpOcA7fNZSv0jajFPiuSKiyyFHWc3bWvP-g/video/7680120241459940622","2026-08-31T19:38:00+08:00","15","33","0","0","0","0","0"
"ETCYY-US","etcyywears","#StripedLayeredBlouse #WomensKnitShirt #SmartCasualOutfit #NavyWorkT","https://www.tiktok.com/@MS4wLjABAAAAZ79LMZFS-icRZjdE7C2BragqlZXfRKdeJ1H08NhO17EzAka-g_0oBEmtg9Z4nERS/video/7679393153664699678","2026-08-29T19:38:00+08:00","15","33","0","0","0","0","0"
"ETCYY-US","etcyylooks","#sohochic#tiktok#tiktokshop#ootd","https://www.tiktok.com/@MS4wLjABAAAADN4bHzuz0PCRGRcv7_0WFFbcB8MFIjAUxm-kcIWbHF-MM0aJ3NDRBv8YjN8WLJ5D/video/7680858585982684429","2026-09-02T19:24:00+08:00","15","33","0","0","0","0","0"
"ETCYY-US","etcyy.daily","#LayeredLookShirt #WomensFashionTop #StripedPatchworkBlouse #OutfitIn...","https://www.tiktok.com/@MS4wLjABAAAAIn9Zn1XR3yoPHf7kI7b0dNMyczGiKiCXWt5uQC6k58sBwWdTeJeAX0uzcfrXFpcE/video/7679399458068499743","2026-08-29T18:33:11+08:00","15","32","0","0","0","0","0"
"ETCYY-US","etcyy.wear","#sohochic#tiktok#tiktokshop#ootd","https://www.tiktok.com/@MS4wLjABAAAASYmu1XGMcfs93-fOI77Urb73o1YDOmpOcA7fNZSv0jajFPiuSKiyyFHWc3bWvP-g/video/7681204061483388173","2026-09-04T00:45:00+08:00","15","32","0","0","0","0","0"
"ETCYY-US","etcyy.daily","#LayeredLookShirt #WomensFashionTop #StripedPatchworkBlouse #OutfitIn...","https://www.tiktok.com/@MS4wLjABAAAAIn9Zn1XR3yoPHf7kI7b0dNMyczGiKiCXWt5uQC6k58sBwWdTeJeAX0uzcfrXFpcE/video/7680125484218191135","2026-08-31T18:59:00+08:00","15","31","0","0","0","0","0"
"ETCYY-US","etcyy.lookbook","#sohochic#tiktok#tiktokshop#ootd","https://www.tiktok.com/@MS4wLjABAAAAB7ADPXI4N-HH1kKQPqRQpjW4QtjQqIyrM58InkyoFYDSQvaMkewMEw7yVlkLy41g/video/7680865458500799775","2026-09-02T18:50:00+08:00","15","31","0","0","0","0","0"
"ETCYY-US","etcyy.glam","#sohochic#tiktok#tiktokshop#ootd","https://www.tiktok.com/@MS4wLjABAAAAI95MRpE0J2k31jCljJSn-F0-knBxN1H-2B629ifUTuROBthPTMhoEBgJdtPsHfIL/video/7682707663079099678","2026-09-07T18:12:00+08:00","15","30","0","0","0","0","0"
"ETCYY-US","etcyy.outfits","#ootd #tiktokshop #boutiquefashion #chicstyle","https://www.tiktok.com/@MS4wLjABAAAAoQFJPQPYC22qIvVGvvvRC0g_My8pz54doaZlHyyB-tRzCgol_WB2xUmnrUdaPRmI/video/7682708291205614879","2026-09-07T18:02:00+08:00","15","30","0","0","0","1","0"
"ETCYY-US","etcyycloset","#ootd #tiktokshop #womensfashion #summeroutfit","https://www.tiktok.com/@MS4wLjABAAAAaCwGq_3D-9xVRayIp3icS8N58NePtV5mre_jyDhWQjswQeXIrKxf3p1Wm-uUCb7V/video/7682751722879454478","2026-09-07T21:50:00+08:00","15","30","0","0","0","1","0"
"ETCYY-US","etcyycloset","#sohochic#AutumnLeafCamoTop #WomensFallFashion #VintageCamoSweatshirt...","https://www.tiktok.com/@MS4wLjABAAAAaCwGq_3D-9xVRayIp3icS8N58NePtV5mre_jyDhWQjswQeXIrKxf3p1Wm-uUCb7V/video/7680572095163682061","2026-09-01T23:52:00+08:00","15","30","0","0","0","0","0"
"ETCYY-US","etcyy.clothing","ruffled sleeve striped shirt dress#maxidress #summerdress #fashionfin...","https://www.tiktok.com/@MS4wLjABAAAAyrl-2vBe_tJH8pTVAnpx0Og_G2XcHCcoICR6Y3ZzRf5A2poh7m03SlFMo4Wr48q9/video/7681610391650094349","2026-09-04T17:32:51+08:00","13","29","0","0","0","0","0"
"ETCYY-US","etcyy.daily","#ootd #tiktokshop #denimfashion #streetwearstyle","https://www.tiktok.com/@MS4wLjABAAAAIn9Zn1XR3yoPHf7kI7b0dNMyczGiKiCXWt5uQC6k58sBwWdTeJeAX0uzcfrXFpcE/video/7681619231095393567","2026-09-04T20:37:00+08:00","15","29","0","0","0","0","0"
"ETCYY-US","etcyy.mode","#tiktok #tiktokshop #ootd ","https://www.tiktok.com/@MS4wLjABAAAAAzWwlO1snm3knv0nLXURI_21KQG9TG5Rl0IsUoNTIiH1nJlP5ORdCNRtOnNp_FBF/video/7678630279312903437","2026-08-27T19:18:00+08:00","15","29","0","0","0","0","0"
"ETCYY-US","etcyy.lookbook","#ootd #tiktokshop #denimfashion #streetwearstyle","https://www.tiktok.com/@MS4wLjABAAAAB7ADPXI4N-HH1kKQPqRQpjW4QtjQqIyrM58InkyoFYDSQvaMkewMEw7yVlkLy41g/video/7681973790535961886","2026-09-05T18:32:00+08:00","15","29","0","0","0","0","0"
"ETCYY","etfashion.chic","criss-cross cutout swimwear#swimwear #SwimsuitKiller #onepieceswimsui...","https://www.tiktok.com/@MS4wLjABAAAAE5ssFIRGpZ7TixzpemcgiI6nSAJdZChEl0f0HlBe1H1O3ecaA6QWaEVDzfgLdcAn/video/7681228878488079629","2026-09-03T16:51:24+08:00","14","29","0","0","0","0","0"
"ETCYY-US","etcyy.style","#WorkFromHomeBlouse #CozyWorkWear #WomensLongSleeveTop #BusinessCasua...","https://www.tiktok.com/@MS4wLjABAAAAQ3FFLKyG0bIqEGSl9sECwwUSBa9ardtZjxuurrr8cU1J7aq2bG_vJhHFQ5YOavmm/video/7680116943013170446","2026-08-31T18:26:00+08:00","15","28","1","0","0","0","0.03571428571428571"
"ETCYY-US","etcyy.outfits","#ootd#UniqueDesignShirt #WomensFashionBlouse#NavyBlueLayeredBlouse","https://www.tiktok.com/@MS4wLjABAAAAoQFJPQPYC22qIvVGvvvRC0g_My8pz54doaZlHyyB-tRzCgol_WB2xUmnrUdaPRmI/video/7678645569048366367","2026-08-27T17:47:24+08:00","15","28","0","0","0","0","0"
"ETCYY-US","etcyy.trends","#sohochic#FallVibesSweatshirt #WomensCozyTop #SeasonalFashionSweatshi...","https://www.tiktok.com/@MS4wLjABAAAAxjZhhWuHncPj_vKg81t30P0KBSD0vIEjkmVaF2TqCud5QgyDrA1hvlysd3ksAMex/video/7680553559665970446","2026-09-01T22:39:00+08:00","15","28","0","0","0","0","0"
"ETCYY-US","etcyy.shop","best mall find today#sweater #blouse #tiktokshopbacktoschool #fyp","https://www.tiktok.com/@MS4wLjABAAAAk77v-F906GlGTkZZ5pEuTXeDeihRllX-eae_barUoG6rv7_TlXAxE563gn3C1XXo/video/7681967658480225566","2026-09-05T16:38:49+08:00","10","27","0","0","0","0","0"
"ETCYY-US","etcyy.dressup","#ootd #tiktokshop #boutiquefashion #chicstyle","https://www.tiktok.com/@MS4wLjABAAAAslEi_1sYHkbThsHqrWa75z0z-JZSMtjOhC5Sm0sHW62rv4fEXEi-Zf6ZBJU-cw7E/video/7682749922818428190","2026-09-07T21:44:00+08:00","15","27","0","0","0","0","0"
"ETCYY-US","etcyy.glam","#sohochic#tiktok#tiktokshop#ootd","https://www.tiktok.com/@MS4wLjABAAAAI95MRpE0J2k31jCljJSn-F0-knBxN1H-2B629ifUTuROBthPTMhoEBgJdtPsHfIL/video/7681584141938314527","2026-09-04T19:32:00+08:00","15","27","0","0","0","0","0"
"ETCYY-US","etcyyfashion.us","#ootd #tiktokshop #womensfashion #summeroutfit","https://www.tiktok.com/@MS4wLjABAAAAp926TyS2DAQENQPGFLeFUMmbKXdhwNitFIkicm5Aw5Ep27vC7G5qDsoD_An3R6JY/video/7681985209826299149","2026-09-05T19:17:00+08:00","15","27","0","0","0","0","0"
"ETCYY-US","etcyylooks","#ootd #tiktokshop #denimtop #casualstyle","https://www.tiktok.com/@MS4wLjABAAAADN4bHzuz0PCRGRcv7_0WFFbcB8MFIjAUxm-kcIWbHF-MM0aJ3NDRBv8YjN8WLJ5D/video/7681621214380576013","2026-09-04T20:43:00+08:00","15","27","0","0","0","0","0"
"ETCYY-US","etcyytrend","😔😔😘😘😘😩😩","https://www.tiktok.com/@MS4wLjABAAAAprkcshaplh4GRVEjch2qyGQkMpJTwvj34syE0hr48OH6OQLpdV0X2lEQ0RGaSSJI/video/7676764807864831263","2026-08-22T16:08:50+08:00","15","27","0","0","0","0","0"
"ETCYY","etcyy.girl","faux layered denim tee#Sweater #Pullover #Preppy #tiktokshopbacktosch...","https://www.tiktok.com/@MS4wLjABAAAAED6sbt0gYEWU6akMi_DNMrZdwnMl5vHKWozKnOQrev5G2fpWaWyKhzy9WYwG3Yi2/video/7681595838467951885","2026-09-04T16:36:18+08:00","15","27","0","0","0","0","0"
"ETCYY-US","etcyy_chic7","Comment “Autumn“，If you want a discount#jacket #outfit #fyp","https://www.tiktok.com/@MS4wLjABAAAAOZlo8VLhFzwQxaJz__FbmqrJNInlS5egBBy6-UlIZAlLyOJpocLBFn8VCUkjTHxW/video/7682695583471095054","2026-09-07T15:43:59+08:00","10","26","1","0","0","0","0.038461538461538464"
"ETCYY-US","etcyy.style","#sohochic#tiktok#tiktokshop#ootd","https://www.tiktok.com/@MS4wLjABAAAAQ3FFLKyG0bIqEGSl9sECwwUSBa9ardtZjxuurrr8cU1J7aq2bG_vJhHFQ5YOavmm/video/7681970682606963982","2026-09-05T19:20:00+08:00","15","26","0","0","0","0","0"
"ETCYY-US","etcyy.style","#sohochic#tiktok#tiktokshop#ootd","https://www.tiktok.com/@MS4wLjABAAAAQ3FFLKyG0bIqEGSl9sECwwUSBa9ardtZjxuurrr8cU1J7aq2bG_vJhHFQ5YOavmm/video/7680865154610875661","2026-09-02T19:49:00+08:00","15","26","0","0","0","0","0"
"ETCYY-US","etcyylooks","#ContrastPanelSweater #RibbedKnitTop #LongSleeveWorkShirt #DesignerLa...","https://www.tiktok.com/@MS4wLjABAAAADN4bHzuz0PCRGRcv7_0WFFbcB8MFIjAUxm-kcIWbHF-MM0aJ3NDRBv8YjN8WLJ5D/video/7680096362809003277","2026-08-31T20:07:00+08:00","15","26","0","0","0","0","0"
"ETCYY-US","etcyytrend","#ootd #tiktokshop #denimtop #casualstyle","https://www.tiktok.com/@MS4wLjABAAAAprkcshaplh4GRVEjch2qyGQkMpJTwvj34syE0hr48OH6OQLpdV0X2lEQ0RGaSSJI/video/7682753692801535263","2026-09-07T19:28:52+08:00","15","26","0","0","0","0","0"
"ETCYY-US","etcyy.style.us","#StripedLayeredBlouse #WomensKnitShirt #SmartCasualOutfit #NavyWorkT","https://www.tiktok.com/@MS4wLjABAAAAyvCdZacPbOoMqVoNHx1jnTFM61na9G5Hmne_0LuLgNtdyQEUZoM7QHng8OcMCeDe/video/7679395857434823966","2026-08-29T20:49:00+08:00","15","26","0","0","0","0","0"
"ETCYY","etcyychic","don’t let summer end without grabbing this viral monokini on sale#swi...","https://www.tiktok.com/@MS4wLjABAAAA67cypz92QYqZmYg6fDgoLRPkXFvwonvRMfQTgbnU5iceQDLjyEX97uDleqIj141n/video/7681968590513392926","2026-09-05T16:42:40+08:00","15","26","0","0","0","0","0"
"ETCYY","etcyychic","on clearance#swimwear #SwimsuitKiller #onepieceswimsuit #monokini #oo...","https://www.tiktok.com/@MS4wLjABAAAA67cypz92QYqZmYg6fDgoLRPkXFvwonvRMfQTgbnU5iceQDLjyEX97uDleqIj141n/video/7681242442376432927","2026-09-03T17:43:56+08:00","13","26","0","0","0","0","0"
"ETCYY-US","etcyy.shop","belted ruffled stripe dress#maxidress #summerdress #fashionfinds #Dea...","https://www.tiktok.com/@MS4wLjABAAAAk77v-F906GlGTkZZ5pEuTXeDeihRllX-eae_barUoG6rv7_TlXAxE563gn3C1XXo/video/7681225741807127839","2026-09-03T16:39:52+08:00","15","25","1","0","0","0","0.04"
"ETCYY-US","etcyy.vibes","#ootd#ButtonDetailBlouse #WomensFashionBlouse#UniqueDesignShirt","https://www.tiktok.com/@MS4wLjABAAAAXhiLJGfuFXjsz8jJC7Xaebg4LFMP8HA-uFYWXldxI_udMGjoWd4xhdhbupkeG_5d/video/7679391473795632414","2026-08-29T19:44:00+08:00","15","25","0","0","0","0","0"
"ETCYY-US","etcyylooks","#ootd #tiktokshop #denimtop #casualstyle","https://www.tiktok.com/@MS4wLjABAAAADN4bHzuz0PCRGRcv7_0WFFbcB8MFIjAUxm-kcIWbHF-MM0aJ3NDRBv8YjN8WLJ5D/video/7682752980872957214","2026-09-07T19:25:40+08:00","15","25","0","0","0","0","0"
"ETCYY-US","etcyylooks","#ContrastPanelSweater #RibbedKnitTop #LongSleeveWorkShirt #DesignerLa...","https://www.tiktok.com/@MS4wLjABAAAADN4bHzuz0PCRGRcv7_0WFFbcB8MFIjAUxm-kcIWbHF-MM0aJ3NDRBv8YjN8WLJ5D/video/7680103401593621791","2026-08-31T22:34:00+08:00","15","25","0","0","0","0","0"
"ETCYY-US","etcyylooks","TikTok video #7678223548468497678","https://www.tiktok.com/@MS4wLjABAAAADN4bHzuz0PCRGRcv7_0WFFbcB8MFIjAUxm-kcIWbHF-MM0aJ3NDRBv8YjN8WLJ5D/video/7678223548468497678","2026-08-26T14:29:05+08:00","11","25","0","0","0","0","0"
"ETCYY-US","etcyytrend","#ootd #tiktokshop #denimtop #casualstyle","https://www.tiktok.com/@MS4wLjABAAAAprkcshaplh4GRVEjch2qyGQkMpJTwvj34syE0hr48OH6OQLpdV0X2lEQ0RGaSSJI/video/7682753620114263327","2026-09-07T21:57:00+08:00","15","25","0","0","0","0","0"
"ETCYY","etcyychic","marked-down cutout piece#swimwear #SwimsuitKiller #onepieceswimsuit #...","https://www.tiktok.com/@MS4wLjABAAAA67cypz92QYqZmYg6fDgoLRPkXFvwonvRMfQTgbnU5iceQDLjyEX97uDleqIj141n/video/7681612906932358431","2026-09-04T17:41:35+08:00","11","25","0","0","0","0","0"
"ETCYY-US","etcyy.wear","#WorkFromHomeBlouse #CozyWorkWear #WomensLongSleeveTop #BusinessCasua...","https://www.tiktok.com/@MS4wLjABAAAASYmu1XGMcfs93-fOI77Urb73o1YDOmpOcA7fNZSv0jajFPiuSKiyyFHWc3bWvP-g/video/7679394798536510733","2026-08-29T19:44:00+08:00","15","24","0","0","0","0","0"
"ETCYY-US","etcyy.lookbook","#ootd #tiktokshop #denimfashion #streetwearstyle","https://www.tiktok.com/@MS4wLjABAAAAB7ADPXI4N-HH1kKQPqRQpjW4QtjQqIyrM58InkyoFYDSQvaMkewMEw7yVlkLy41g/video/7681618369849642271","2026-09-04T20:33:00+08:00","15","24","0","0","0","0","0"
"ETCYY-US","etcyywears","#sohochic#tiktok#tiktokshop#ootd","https://www.tiktok.com/@MS4wLjABAAAAZ79LMZFS-icRZjdE7C2BragqlZXfRKdeJ1H08NhO17EzAka-g_0oBEmtg9Z4nERS/video/7681213498965232926","2026-09-03T23:22:00+08:00","15","24","0","0","0","0","0"
"ETCYY-US","etcyy.style.us","#StripedLayeredBlouse #WomensKnitShirt #SmartCasualOutfit #NavyWorkT","https://www.tiktok.com/@MS4wLjABAAAAyvCdZacPbOoMqVoNHx1jnTFM61na9G5Hmne_0LuLgNtdyQEUZoM7QHng8OcMCeDe/video/7679395560188546335","2026-08-29T19:47:00+08:00","15","24","0","0","0","0","0"
"ETCYY-US","etcyy.clothing","Comment “sale“，If you want a discount#Sweater #outfit #fyp","https://www.tiktok.com/@MS4wLjABAAAAyrl-2vBe_tJH8pTVAnpx0Og_G2XcHCcoICR6Y3ZzRf5A2poh7m03SlFMo4Wr48q9/video/7682708818098162957","2026-09-07T16:35:07+08:00","12","23","0","0","0","0","0"
"ETCYY-US","etcyy.shop","Comment “sale“，If you want a discount#dress #outfit #fyp #DealsForYou...","https://www.tiktok.com/@MS4wLjABAAAAk77v-F906GlGTkZZ5pEuTXeDeihRllX-eae_barUoG6rv7_TlXAxE563gn3C1XXo/video/7683096589140757790","2026-09-08T17:38:57+08:00","13","23","0","0","0","0","0"
"ETCYY-US","etcyy.shop","Comment “sale“，If you want a discount#dress #outfit #fyp #DealsForYou...","https://www.tiktok.com/@MS4wLjABAAAAk77v-F906GlGTkZZ5pEuTXeDeihRllX-eae_barUoG6rv7_TlXAxE563gn3C1XXo/video/7683080786857250079","2026-09-08T16:37:41+08:00","13","23","0","0","0","0","0"
"ETCYY-US","etcyy_chic7","best mall find today#Sweater #Pullover #Preppy #tiktokshopbacktoschoo...","https://www.tiktok.com/@MS4wLjABAAAAOZlo8VLhFzwQxaJz__FbmqrJNInlS5egBBy6-UlIZAlLyOJpocLBFn8VCUkjTHxW/video/7681227499421945102","2026-09-03T16:46:01+08:00","10","23","0","0","0","0","0"
"ETCYY-US","etcyyus","80'S#shirts #cowboy #ootd #tiktokshopbacktoschool","https://www.tiktok.com/@MS4wLjABAAAAyS0K7XiI6U2qU30yfAAxxzCeJhmkiy9nNrpamMAoKTZA6z_yoqAbUo4uI9Zh9AzN/video/7676418180243410207","2026-08-21T17:43:24+08:00","15","23","0","0","0","0","0"
"ETCYY-US","etcyy.style","#sohochic#tiktok#tiktokshop#ootd","https://www.tiktok.com/@MS4wLjABAAAAQ3FFLKyG0bIqEGSl9sECwwUSBa9ardtZjxuurrr8cU1J7aq2bG_vJhHFQ5YOavmm/video/7682752673799572750","2026-09-07T19:25:29+08:00","15","23","0","0","0","0","0"
"ETCYY-US","etcyy.trends","#sohochic#tiktok#tiktokshop#ootd","https://www.tiktok.com/@MS4wLjABAAAAxjZhhWuHncPj_vKg81t30P0KBSD0vIEjkmVaF2TqCud5QgyDrA1hvlysd3ksAMex/video/7680850623113334030","2026-09-02T18:53:00+08:00","15","23","0","0","0","0","0"
"ETCYY-US","etcyyfashion.us","#ootd #tiktokshop #womensfashion #summeroutfit","https://www.tiktok.com/@MS4wLjABAAAAp926TyS2DAQENQPGFLeFUMmbKXdhwNitFIkicm5Aw5Ep27vC7G5qDsoD_An3R6JY/video/7681614412381244685","2026-09-04T19:17:00+08:00","15","23","0","0","0","0","0"
"ETCYY-US","etcyytrend","#sohochic#tiktok#tiktokshop#ootd","https://www.tiktok.com/@MS4wLjABAAAAprkcshaplh4GRVEjch2qyGQkMpJTwvj34syE0hr48OH6OQLpdV0X2lEQ0RGaSSJI/video/7681210747745094943","2026-09-04T00:11:00+08:00","15","23","0","0","0","0","0"
"ETCYY","etcyychic","Comment “sale“，If you want a discount#swimwear #bikini #ootd #fyp","https://www.tiktok.com/@MS4wLjABAAAA67cypz92QYqZmYg6fDgoLRPkXFvwonvRMfQTgbnU5iceQDLjyEX97uDleqIj141n/video/7682710217993227550","2026-09-07T16:40:09+08:00","15","23","0","0","0","0","0"
"ETCYY-US","etcyy_chic7","Comment “Autumn“，If you want a discount#jacket #outfit #fyp","https://www.tiktok.com/@MS4wLjABAAAAOZlo8VLhFzwQxaJz__FbmqrJNInlS5egBBy6-UlIZAlLyOJpocLBFn8VCUkjTHxW/video/7682710893330779405","2026-09-07T16:43:26+08:00","10","22","1","0","0","0","0.045454545454545456"
"ETCYY-US","etcyy.mode","#tiktok #tiktokshop #ootd ","https://www.tiktok.com/@MS4wLjABAAAAAzWwlO1snm3knv0nLXURI_21KQG9TG5Rl0IsUoNTIiH1nJlP5ORdCNRtOnNp_FBF/video/7678234044022263053","2026-08-26T15:09:48+08:00","15","22","0","0","0","0","0"
"ETCYY-US","etcyylooks","#ootd #tiktokshop #denimtop #casualstyle","https://www.tiktok.com/@MS4wLjABAAAADN4bHzuz0PCRGRcv7_0WFFbcB8MFIjAUxm-kcIWbHF-MM0aJ3NDRBv8YjN8WLJ5D/video/7682752862853565726","2026-09-07T21:54:00+08:00","15","22","1","0","0","0","0.045454545454545456"
"ETCYY","etcyy.girl","denim patchwork knit top#Sweater #Pullover #Preppy #tiktokshopbacktos...","https://www.tiktok.com/@MS4wLjABAAAAED6sbt0gYEWU6akMi_DNMrZdwnMl5vHKWozKnOQrev5G2fpWaWyKhzy9WYwG3Yi2/video/7681966729387461901","2026-09-05T16:36:01+08:00","12","22","0","0","0","0","0"
"ETCYY","etfashion.chic","crossover front swimsuit#swimwear #SwimsuitKiller #onepieceswimsuit #...","https://www.tiktok.com/@MS4wLjABAAAAE5ssFIRGpZ7TixzpemcgiI6nSAJdZChEl0f0HlBe1H1O3ecaA6QWaEVDzfgLdcAn/video/7682356816386329869","2026-09-06T17:49:47+08:00","15","22","0","0","0","0","0"
"ETCYY","etcyychic","summer clearance#swimwear #SwimsuitKiller #onepieceswimsuit #monokini...","https://www.tiktok.com/@MS4wLjABAAAA67cypz92QYqZmYg6fDgoLRPkXFvwonvRMfQTgbnU5iceQDLjyEX97uDleqIj141n/video/7681211119242956063","2026-09-03T15:43:13+08:00","10","22","0","0","0","0","0"
"ETCYY-US","etcyy.dressup","#sohochic#tiktok#tiktokshop#ootd","https://www.tiktok.com/@MS4wLjABAAAAslEi_1sYHkbThsHqrWa75z0z-JZSMtjOhC5Sm0sHW62rv4fEXEi-Zf6ZBJU-cw7E/video/7681244686513638687","2026-09-03T19:22:00+08:00","15","21","0","0","0","0","0"
"ETCYY-US","etcyy.outfits","#ootd#UniqueDesignShirt #WomensFashionBlouse#NavyBlueLayeredBlouse","https://www.tiktok.com/@MS4wLjABAAAAoQFJPQPYC22qIvVGvvvRC0g_My8pz54doaZlHyyB-tRzCgol_WB2xUmnrUdaPRmI/video/7680093813649444126","2026-08-31T16:56:00+08:00","15","21","0","0","0","0","0"
"ETCYY-US","etcyy.style.us","#StripedLayeredBlouse #WomensKnitShirt #SmartCasualOutfit #NavyWorkT","https://www.tiktok.com/@MS4wLjABAAAAyvCdZacPbOoMqVoNHx1jnTFM61na9G5Hmne_0LuLgNtdyQEUZoM7QHng8OcMCeDe/video/7680130815925456159","2026-08-31T20:20:00+08:00","15","21","0","0","0","0","0"
"ETCYY-US","etcyy.dressup","#ootd #tiktokshop #boutiquefashion #chicstyle","https://www.tiktok.com/@MS4wLjABAAAAslEi_1sYHkbThsHqrWa75z0z-JZSMtjOhC5Sm0sHW62rv4fEXEi-Zf6ZBJU-cw7E/video/7681967787190848782","2026-09-05T19:09:00+08:00","15","20","0","0","0","0","0"
"ETCYY-US","etcyy.lookbook","#tiktok #tiktokshop #ootd ","https://www.tiktok.com/@MS4wLjABAAAAB7ADPXI4N-HH1kKQPqRQpjW4QtjQqIyrM58InkyoFYDSQvaMkewMEw7yVlkLy41g/video/7678624650833808671","2026-08-27T18:55:00+08:00","15","20","0","0","0","0","0"
"ETCYY-US","etcyyfashion.us","#ootd #tiktokshop #womensfashion #summeroutfit","https://www.tiktok.com/@MS4wLjABAAAAp926TyS2DAQENQPGFLeFUMmbKXdhwNitFIkicm5Aw5Ep27vC7G5qDsoD_An3R6JY/video/7682751789224987918","2026-09-07T20:52:00+08:00","15","20","0","0","0","0","0"
"ETCYY-US","etcyycloset","#RelaxedFitBlouse#BlueWhiteStripeTop#ChicOfficeBlouse #LayeredFashionTop","https://www.tiktok.com/@MS4wLjABAAAAaCwGq_3D-9xVRayIp3icS8N58NePtV5mre_jyDhWQjswQeXIrKxf3p1Wm-uUCb7V/video/7680122295641230605","2026-08-31T17:48:06+08:00","15","20","0","0","0","0","0"
"ETCYY-US","etcyycloset","#RelaxedFitBlouse#BlueWhiteStripeTop#ChicOfficeBlouse #LayeredFashionTop","https://www.tiktok.com/@MS4wLjABAAAAaCwGq_3D-9xVRayIp3icS8N58NePtV5mre_jyDhWQjswQeXIrKxf3p1Wm-uUCb7V/video/7679396336499821837","2026-08-29T19:51:00+08:00","15","20","0","0","0","0","0"
"ETCYY-US","etcyytrend","#ootd #tiktokshop #denimtop #casualstyle","https://www.tiktok.com/@MS4wLjABAAAAprkcshaplh4GRVEjch2qyGQkMpJTwvj34syE0hr48OH6OQLpdV0X2lEQ0RGaSSJI/video/7682753503416028446","2026-09-07T20:57:00+08:00","15","20","0","0","0","0","0"
"ETCYY-US","etcyy.style.us","#sohochic#tiktok#tiktokshop#ootd","https://www.tiktok.com/@MS4wLjABAAAAyvCdZacPbOoMqVoNHx1jnTFM61na9G5Hmne_0LuLgNtdyQEUZoM7QHng8OcMCeDe/video/7680891832645078303","2026-09-02T20:33:00+08:00","15","20","0","0","0","0","0"
"ETCYY-US","etcyy.style","#sohochic#tiktok#tiktokshop#ootd","https://www.tiktok.com/@MS4wLjABAAAAQ3FFLKyG0bIqEGSl9sECwwUSBa9ardtZjxuurrr8cU1J7aq2bG_vJhHFQ5YOavmm/video/7681970415962508557","2026-09-05T18:19:00+08:00","15","19","1","0","0","0","0.05263157894736842"
"ETCYY-US","etcyy.vibes","#tiktok #tiktokshop #tood ","https://www.tiktok.com/@MS4wLjABAAAAXhiLJGfuFXjsz8jJC7Xaebg4LFMP8HA-uFYWXldxI_udMGjoWd4xhdhbupkeG_5d/video/7678230281647574303","2026-08-26T14:55:15+08:00","15","19","0","0","0","0","0"
"ETCYY-US","etcyy.outfits","#ootd #tiktokshop #boutiquefashion #chicstyle","https://www.tiktok.com/@MS4wLjABAAAAoQFJPQPYC22qIvVGvvvRC0g_My8pz54doaZlHyyB-tRzCgol_WB2xUmnrUdaPRmI/video/7681968368655650062","2026-09-05T19:11:00+08:00","15","19","0","0","0","0","0"
"ETCYY","etcyy.girl","faux 2-piece denim polo#Sweater #Pullover #Preppy #tiktokshopbacktosc...","https://www.tiktok.com/@MS4wLjABAAAAED6sbt0gYEWU6akMi_DNMrZdwnMl5vHKWozKnOQrev5G2fpWaWyKhzy9WYwG3Yi2/video/7682368554963913998","2026-09-06T18:35:46+08:00","12","19","0","0","0","0","0"
"ETCYY","etfashion.chic","scalloped edge cutout swimsuit#swimwear #SwimsuitKiller #onepieceswim...","https://www.tiktok.com/@MS4wLjABAAAAE5ssFIRGpZ7TixzpemcgiI6nSAJdZChEl0f0HlBe1H1O3ecaA6QWaEVDzfgLdcAn/video/7681583888640101645","2026-09-04T15:50:09+08:00","13","19","0","0","0","0","0"
"ETCYY","etfashion.chic","high-waist look one-piece#swimwear #SwimsuitKiller #onepieceswimsuit ...","https://www.tiktok.com/@MS4wLjABAAAAE5ssFIRGpZ7TixzpemcgiI6nSAJdZChEl0f0HlBe1H1O3ecaA6QWaEVDzfgLdcAn/video/7681245037979553038","2026-09-03T17:54:02+08:00","10","19","0","0","0","0","0"
"ETCYY-US","etcyy.wear","#sohochic#tiktok#tiktokshop#ootd","https://www.tiktok.com/@MS4wLjABAAAASYmu1XGMcfs93-fOI77Urb73o1YDOmpOcA7fNZSv0jajFPiuSKiyyFHWc3bWvP-g/video/7681972519577898253","2026-09-05T19:27:00+08:00","15","18","0","0","0","0","0"
"ETCYY-US","etcyy.wear","#WorkFromHomeBlouse #CozyWorkWear #WomensLongSleeveTop #BusinessCasua...","https://www.tiktok.com/@MS4wLjABAAAASYmu1XGMcfs93-fOI77Urb73o1YDOmpOcA7fNZSv0jajFPiuSKiyyFHWc3bWvP-g/video/7679394784498240781","2026-08-29T20:44:00+08:00","15","18","0","0","0","0","0"
"ETCYY-US","etcyy.lookbook","#ootd #tiktokshop #denimfashion #streetwearstyle","https://www.tiktok.com/@MS4wLjABAAAAB7ADPXI4N-HH1kKQPqRQpjW4QtjQqIyrM58InkyoFYDSQvaMkewMEw7yVlkLy41g/video/7681618219299310879","2026-09-04T19:32:00+08:00","15","18","0","0","0","0","0"
"ETCYY-US","etcyycloset","#ootd #tiktokshop #womensfashion #summeroutfit","https://www.tiktok.com/@MS4wLjABAAAAaCwGq_3D-9xVRayIp3icS8N58NePtV5mre_jyDhWQjswQeXIrKxf3p1Wm-uUCb7V/video/7681985638299684110","2026-09-05T19:19:00+08:00","15","18","0","0","0","0","0"
"ETCYY-US","etcyytrend","#ootd #tiktokshop #denimtop #casualstyle","https://www.tiktok.com/@MS4wLjABAAAAprkcshaplh4GRVEjch2qyGQkMpJTwvj34syE0hr48OH6OQLpdV0X2lEQ0RGaSSJI/video/7681620389742611725","2026-09-04T20:40:00+08:00","15","18","0","0","0","0","0"
"ETCYY-US","etcyytrend","#sohochic#tiktok#tiktokshop#ootd","https://www.tiktok.com/@MS4wLjABAAAAprkcshaplh4GRVEjch2qyGQkMpJTwvj34syE0hr48OH6OQLpdV0X2lEQ0RGaSSJI/video/7681210397256453407","2026-09-03T21:10:00+08:00","15","18","0","0","0","0","0"
"ETCYY-US","etcyy.clothing","the sheer sleeve detail is pure magic 💫✨#mesh #blouse #outfit #tiktok...","https://www.tiktok.com/@MS4wLjABAAAAyrl-2vBe_tJH8pTVAnpx0Og_G2XcHCcoICR6Y3ZzRf5A2poh7m03SlFMo4Wr48q9/video/7679383870202039566","2026-08-29T17:33:02+08:00","11","17","0","0","0","0","0"
"ETCYY-US","etcyy.clothing","lace fit is 🖤#mesh #blouse #outfit #tiktokshopbacktoschool #backtoschool","https://www.tiktok.com/@MS4wLjABAAAAyrl-2vBe_tJH8pTVAnpx0Og_G2XcHCcoICR6Y3ZzRf5A2poh7m03SlFMo4Wr48q9/video/7679368319421418766","2026-08-29T16:32:37+08:00","14","17","0","0","0","0","0"
"ETCYY-US","etcyy.dressup","#ootd #tiktokshop #boutiquefashion #chicstyle","https://www.tiktok.com/@MS4wLjABAAAAslEi_1sYHkbThsHqrWa75z0z-JZSMtjOhC5Sm0sHW62rv4fEXEi-Zf6ZBJU-cw7E/video/7681967613047573774","2026-09-05T18:09:00+08:00","15","17","0","0","0","0","0"
"ETCYY-US","etcyy.dressup","#ootd #tiktokshop #boutiquefashion #chicstyle","https://www.tiktok.com/@MS4wLjABAAAAslEi_1sYHkbThsHqrWa75z0z-JZSMtjOhC5Sm0sHW62rv4fEXEi-Zf6ZBJU-cw7E/video/7681615998717267213","2026-09-04T19:23:00+08:00","15","17","0","0","0","0","0"
"ETCYY-US","etcyy.mode","#tiktok #tiktokshop #ootd ","https://www.tiktok.com/@MS4wLjABAAAAAzWwlO1snm3knv0nLXURI_21KQG9TG5Rl0IsUoNTIiH1nJlP5ORdCNRtOnNp_FBF/video/7677501054203841805","2026-08-24T17:16:00+08:00","15","17","0","0","0","0","0"
"ETCYY-US","etcyy.wear","#sohochic#tiktok#tiktokshop#ootd","https://www.tiktok.com/@MS4wLjABAAAASYmu1XGMcfs93-fOI77Urb73o1YDOmpOcA7fNZSv0jajFPiuSKiyyFHWc3bWvP-g/video/7681204077832768782","2026-09-03T23:44:00+08:00","15","17","0","0","0","0","0"
"ETCYY-US","etcyy.lookbook","#sohochic#tiktok#tiktokshop#ootd","https://www.tiktok.com/@MS4wLjABAAAAB7ADPXI4N-HH1kKQPqRQpjW4QtjQqIyrM58InkyoFYDSQvaMkewMEw7yVlkLy41g/video/7680865670652759327","2026-09-02T17:21:51+08:00","15","17","0","0","0","0","0"
"ETCYY-US","etcyylooks","#sohochic#tiktok#tiktokshop#ootd","https://www.tiktok.com/@MS4wLjABAAAADN4bHzuz0PCRGRcv7_0WFFbcB8MFIjAUxm-kcIWbHF-MM0aJ3NDRBv8YjN8WLJ5D/video/7681210261717486879","2026-09-04T00:09:00+08:00","15","17","0","0","0","0","0"
"ETCYY","etcyy.girl","contrast sleeve denim polo#Sweater #Pullover #Preppy #tiktokshopbackt...","https://www.tiktok.com/@MS4wLjABAAAAED6sbt0gYEWU6akMi_DNMrZdwnMl5vHKWozKnOQrev5G2fpWaWyKhzy9WYwG3Yi2/video/7681580073652210958","2026-09-04T15:35:47+08:00","13","17","0","0","0","0","0"
"ETCYY-US","etcyy_chic7","Comment “Autumn“，If you want a discount#jacket #outfit #fyp","https://www.tiktok.com/@MS4wLjABAAAAOZlo8VLhFzwQxaJz__FbmqrJNInlS5egBBy6-UlIZAlLyOJpocLBFn8VCUkjTHxW/video/7682726500562504974","2026-09-07T17:43:56+08:00","10","16","1","0","0","0","0.0625"
"ETCYY-US","etcyy.style","#ootd#WomensOfficeBlouse #StripedKnitTop #WorkWearForWomen ","https://www.tiktok.com/@MS4wLjABAAAAQ3FFLKyG0bIqEGSl9sECwwUSBa9ardtZjxuurrr8cU1J7aq2bG_vJhHFQ5YOavmm/video/7679024493041290509","2026-08-28T18:17:46+08:00","15","16","0","0","0","0","0"
"ETCYY-US","etcyy.daily","#ootd #tiktokshop #denimfashion #streetwearstyle","https://www.tiktok.com/@MS4wLjABAAAAIn9Zn1XR3yoPHf7kI7b0dNMyczGiKiCXWt5uQC6k58sBwWdTeJeAX0uzcfrXFpcE/video/7682750883083406623","2026-09-07T19:18:17+08:00","15","16","0","0","0","0","0"
"ETCYY-US","etcyylooks","#sohochic#tiktok#tiktokshop#ootd","https://www.tiktok.com/@MS4wLjABAAAADN4bHzuz0PCRGRcv7_0WFFbcB8MFIjAUxm-kcIWbHF-MM0aJ3NDRBv8YjN8WLJ5D/video/7681210010604653855","2026-09-03T22:09:00+08:00","15","16","0","0","0","0","0"
"ETCYY-US","etcyy.style.us","#sohochic#tiktok#tiktokshop#ootd","https://www.tiktok.com/@MS4wLjABAAAAyvCdZacPbOoMqVoNHx1jnTFM61na9G5Hmne_0LuLgNtdyQEUZoM7QHng8OcMCeDe/video/7681212880124955935","2026-09-03T21:20:00+08:00","15","16","0","0","0","0","0"
"ETCYY","etcyy.girl","2-in-1 denim trim sweater#Sweater #Pullover #Preppy #tiktokshopbackto...","https://www.tiktok.com/@MS4wLjABAAAAED6sbt0gYEWU6akMi_DNMrZdwnMl5vHKWozKnOQrev5G2fpWaWyKhzy9WYwG3Yi2/video/7681982237692185870","2026-09-05T17:35:31+08:00","12","16","0","0","0","0","0"
"ETCYY-US","etcyy.clothing","best mall find today#jacket #coat #falloutfit #tiktokshopbacktoschool","https://www.tiktok.com/@MS4wLjABAAAAyrl-2vBe_tJH8pTVAnpx0Og_G2XcHCcoICR6Y3ZzRf5A2poh7m03SlFMo4Wr48q9/video/7681981808925363469","2026-09-05T17:33:08+08:00","10","15","0","0","0","0","0"
"ETCYY-US","etcyyus","80'S#shirts #cowboy #ootd #tiktokshopbacktoschool","https://www.tiktok.com/@MS4wLjABAAAAyS0K7XiI6U2qU30yfAAxxzCeJhmkiy9nNrpamMAoKTZA6z_yoqAbUo4uI9Zh9AzN/video/7676433407735237918","2026-08-21T18:42:24+08:00","15","15","0","0","0","0","0"
"ETCYY-US","etcyy.dressup","#ootd #tiktokshop #boutiquefashion #chicstyle","https://www.tiktok.com/@MS4wLjABAAAAslEi_1sYHkbThsHqrWa75z0z-JZSMtjOhC5Sm0sHW62rv4fEXEi-Zf6ZBJU-cw7E/video/7682749859459304735","2026-09-07T20:43:00+08:00","15","15","0","0","0","0","0"
"ETCYY-US","etcyy.glam","#ootd#ButtonDetailBlouse #WomensFashionBlouse#UniqueDesignShirt","https://www.tiktok.com/@MS4wLjABAAAAI95MRpE0J2k31jCljJSn-F0-knBxN1H-2B629ifUTuROBthPTMhoEBgJdtPsHfIL/video/7680127898488966431","2026-08-31T19:21:00+08:00","15","15","0","0","0","0","0"
"ETCYY-US","etcyywears","#sohochic#tiktok#tiktokshop#ootd","https://www.tiktok.com/@MS4wLjABAAAAZ79LMZFS-icRZjdE7C2BragqlZXfRKdeJ1H08NhO17EzAka-g_0oBEmtg9Z4nERS/video/7680891243408198942","2026-09-02T20:30:00+08:00","15","15","0","0","0","0","0"
"ETCYY-US","etcyylooks","#ootd #tiktokshop #denimtop #casualstyle","https://www.tiktok.com/@MS4wLjABAAAADN4bHzuz0PCRGRcv7_0WFFbcB8MFIjAUxm-kcIWbHF-MM0aJ3NDRBv8YjN8WLJ5D/video/7681982564147498254","2026-09-05T20:07:00+08:00","15","15","0","0","0","0","0"
"ETCYY","etcyy.girl","Comment “Autumn“，If you want a discount#Sweater #fallfashion #outfit ...","https://www.tiktok.com/@MS4wLjABAAAAED6sbt0gYEWU6akMi_DNMrZdwnMl5vHKWozKnOQrev5G2fpWaWyKhzy9WYwG3Yi2/video/7683080109410110734","2026-09-08T16:35:06+08:00","15","15","0","0","0","0","0"
"ETCYY-US","etcyy.vibes","#sohochic#tiktok#tiktokshop#ootd","https://www.tiktok.com/@MS4wLjABAAAAXhiLJGfuFXjsz8jJC7Xaebg4LFMP8HA-uFYWXldxI_udMGjoWd4xhdhbupkeG_5d/video/7681238322542349598","2026-09-03T20:09:00+08:00","15","14","0","0","0","0","0"
"ETCYY-US","etcyy.mode","#sohochic#tiktok#tiktokshop#ootd","https://www.tiktok.com/@MS4wLjABAAAAAzWwlO1snm3knv0nLXURI_21KQG9TG5Rl0IsUoNTIiH1nJlP5ORdCNRtOnNp_FBF/video/7681205774839713037","2026-09-04T00:52:00+08:00","15","14","0","0","0","0","0"
"ETCYY-US","etcyy.mode","#sohochic#tiktok#tiktokshop#ootd","https://www.tiktok.com/@MS4wLjABAAAAAzWwlO1snm3knv0nLXURI_21KQG9TG5Rl0IsUoNTIiH1nJlP5ORdCNRtOnNp_FBF/video/7681205550545210637","2026-09-03T22:51:00+08:00","15","14","0","0","0","0","0"
"ETCYY-US","etcyycloset","#RelaxedFitBlouse#BlueWhiteStripeTop#ChicOfficeBlouse #LayeredFashionTop","https://www.tiktok.com/@MS4wLjABAAAAaCwGq_3D-9xVRayIp3icS8N58NePtV5mre_jyDhWQjswQeXIrKxf3p1Wm-uUCb7V/video/7679396593115630862","2026-08-29T20:52:00+08:00","15","14","0","0","0","0","0"
"ETCYY-US","etcyycloset","#RelaxedFitBlouse#BlueWhiteStripeTop#ChicOfficeBlouse #LayeredFashionTop","https://www.tiktok.com/@MS4wLjABAAAAaCwGq_3D-9xVRayIp3icS8N58NePtV5mre_jyDhWQjswQeXIrKxf3p1Wm-uUCb7V/video/7679030881259998477","2026-08-28T18:41:59+08:00","15","14","0","0","0","0","0"
"ETCYY-US","etcyywears","#StripedLayeredBlouse #WomensKnitShirt #SmartCasualOutfit #NavyWorkT","https://www.tiktok.com/@MS4wLjABAAAAZ79LMZFS-icRZjdE7C2BragqlZXfRKdeJ1H08NhO17EzAka-g_0oBEmtg9Z4nERS/video/7679393913563647263","2026-08-29T18:11:55+08:00","15","14","0","0","0","0","0"
"ETCYY-US","etcyy.style.us","#sohochic#tiktok#tiktokshop#ootd","https://www.tiktok.com/@MS4wLjABAAAAyvCdZacPbOoMqVoNHx1jnTFM61na9G5Hmne_0LuLgNtdyQEUZoM7QHng8OcMCeDe/video/7681213036165664031","2026-09-03T23:20:00+08:00","15","14","0","0","0","0","0"
"ETCYY-US","etcyy.style.us","😏😏🙈🙈💕😌☺️😌","https://www.tiktok.com/@MS4wLjABAAAAyvCdZacPbOoMqVoNHx1jnTFM61na9G5Hmne_0LuLgNtdyQEUZoM7QHng8OcMCeDe/video/7676763443399068958","2026-08-22T16:03:49+08:00","15","14","0","0","0","0","0"
"ETCYY","etcyy.girl","Comment “Autumn“，If you want a discount#Sweater #fallfashion #outfit ...","https://www.tiktok.com/@MS4wLjABAAAAED6sbt0gYEWU6akMi_DNMrZdwnMl5vHKWozKnOQrev5G2fpWaWyKhzy9WYwG3Yi2/video/7683064658571414797","2026-09-08T15:35:08+08:00","11","14","0","0","0","0","0"
"ETCYY","etcyychic","ultimate summer send-off#swimwear #SwimsuitKiller #onepieceswimsuit #...","https://www.tiktok.com/@MS4wLjABAAAA67cypz92QYqZmYg6fDgoLRPkXFvwonvRMfQTgbnU5iceQDLjyEX97uDleqIj141n/video/7681984022322498846","2026-09-05T17:41:44+08:00","8","14","0","0","0","0","0"
"ETCYY-US","etcyy.clothing","asymmetrical button striped top#sweater #blouse #tiktokshopbacktoscho...","https://www.tiktok.com/@MS4wLjABAAAAyrl-2vBe_tJH8pTVAnpx0Og_G2XcHCcoICR6Y3ZzRf5A2poh7m03SlFMo4Wr48q9/video/7682342908292336909","2026-09-06T16:55:27+08:00","15","13","0","0","0","0","0"
"ETCYY-US","etcyy_chic7","Comment “sale“，If you want a discount#dress #ootd #fyp #tiktokshopmad...","https://www.tiktok.com/@MS4wLjABAAAAOZlo8VLhFzwQxaJz__FbmqrJNInlS5egBBy6-UlIZAlLyOJpocLBFn8VCUkjTHxW/video/7683467737020091662","2026-09-09T17:39:16+08:00","15","13","0","0","0","0","0"
"ETCYY-US","etcyy.dressup","#sohochic#tiktok#tiktokshop#ootd","https://www.tiktok.com/@MS4wLjABAAAAslEi_1sYHkbThsHqrWa75z0z-JZSMtjOhC5Sm0sHW62rv4fEXEi-Zf6ZBJU-cw7E/video/7681244781892111646","2026-09-03T20:22:00+08:00","15","13","0","0","0","0","0"
"ETCYY-US","etcyy.glam","#ootd#ButtonDetailBlouse #WomensFashionBlouse#UniqueDesignShirt","https://www.tiktok.com/@MS4wLjABAAAAI95MRpE0J2k31jCljJSn-F0-knBxN1H-2B629ifUTuROBthPTMhoEBgJdtPsHfIL/video/7680127770462080287","2026-08-31T18:21:00+08:00","15","13","0","0","0","0","0"
"ETCYY-US","etcyy.wear","#WorkFromHomeBlouse #CozyWorkWear #WomensLongSleeveTop #BusinessCasua...","https://www.tiktok.com/@MS4wLjABAAAASYmu1XGMcfs93-fOI77Urb73o1YDOmpOcA7fNZSv0jajFPiuSKiyyFHWc3bWvP-g/video/7680119859291704589","2026-08-31T18:38:00+08:00","15","13","0","0","0","0","0"
"ETCYY-US","etcyyfashion.us","#RelaxedFitBlouse#BlueWhiteStripeTop#ChicOfficeBlouse #LayeredFashionTop","https://www.tiktok.com/@MS4wLjABAAAAp926TyS2DAQENQPGFLeFUMmbKXdhwNitFIkicm5Aw5Ep27vC7G5qDsoD_An3R6JY/video/7679030150603771150","2026-08-28T18:39:10+08:00","15","13","0","0","0","0","0"
"ETCYY-US","etcyytrend","#ContrastPanelSweater #RibbedKnitTop #LongSleeveWorkShirt #DesignerLa...","https://www.tiktok.com/@MS4wLjABAAAAprkcshaplh4GRVEjch2qyGQkMpJTwvj34syE0hr48OH6OQLpdV0X2lEQ0RGaSSJI/video/7679397320106069262","2026-08-29T19:55:00+08:00","15","13","0","0","0","0","0"
"ETCYY-US","etcyy_chic7","Comment “sale“，If you want a discount#dress #ootd #fyp #tiktokshopmad...","https://www.tiktok.com/@MS4wLjABAAAAOZlo8VLhFzwQxaJz__FbmqrJNInlS5egBBy6-UlIZAlLyOJpocLBFn8VCUkjTHxW/video/7683452560241397006","2026-09-09T16:40:21+08:00","13","12","0","0","0","0","0"
"ETCYY-US","etcyy_chic7","best mall find today#Sweater #Pullover #Preppy #tiktokshopbacktoschoo...","https://www.tiktok.com/@MS4wLjABAAAAOZlo8VLhFzwQxaJz__FbmqrJNInlS5egBBy6-UlIZAlLyOJpocLBFn8VCUkjTHxW/video/7681243235595013390","2026-09-03T17:47:02+08:00","10","12","0","0","0","0","0"
"ETCYY-US","etcyy.dressup","#ootd#UniqueDesignShirt #WomensFashionBlouse#NavyBlueLayeredBlouse","https://www.tiktok.com/@MS4wLjABAAAAslEi_1sYHkbThsHqrWa75z0z-JZSMtjOhC5Sm0sHW62rv4fEXEi-Zf6ZBJU-cw7E/video/7679396551415844109","2026-08-29T18:22:14+08:00","15","12","0","0","0","0","0"
"ETCYY-US","etcyy.style","#sohochic#tiktok#tiktokshop#ootd","https://www.tiktok.com/@MS4wLjABAAAAQ3FFLKyG0bIqEGSl9sECwwUSBa9ardtZjxuurrr8cU1J7aq2bG_vJhHFQ5YOavmm/video/7681619462809865486","2026-09-04T19:37:00+08:00","15","12","0","0","0","0","0"
"ETCYY-US","etcyy.style","#sohochic#tiktok#tiktokshop#ootd","https://www.tiktok.com/@MS4wLjABAAAAQ3FFLKyG0bIqEGSl9sECwwUSBa9ardtZjxuurrr8cU1J7aq2bG_vJhHFQ5YOavmm/video/7681619674110479629","2026-09-04T18:08:49+08:00","15","12","0","0","0","0","0"
"ETCYY-US","etcyy.vibes","#sohochic#tiktok#tiktokshop#ootd","https://www.tiktok.com/@MS4wLjABAAAAXhiLJGfuFXjsz8jJC7Xaebg4LFMP8HA-uFYWXldxI_udMGjoWd4xhdhbupkeG_5d/video/7681243323213942047","2026-09-03T19:29:00+08:00","15","12","0","0","0","0","0"
"ETCYY-US","etcyy.daily","#ootd #tiktokshop #denimfashion #streetwearstyle","https://www.tiktok.com/@MS4wLjABAAAAIn9Zn1XR3yoPHf7kI7b0dNMyczGiKiCXWt5uQC6k58sBwWdTeJeAX0uzcfrXFpcE/video/7681619312934767902","2026-09-04T18:07:19+08:00","15","12","0","0","0","0","0"
"ETCYY-US","etcyy.lookbook","#ootd #tiktokshop #denimfashion #streetwearstyle","https://www.tiktok.com/@MS4wLjABAAAAB7ADPXI4N-HH1kKQPqRQpjW4QtjQqIyrM58InkyoFYDSQvaMkewMEw7yVlkLy41g/video/7681618389319683359","2026-09-04T18:03:48+08:00","15","12","0","0","0","0","0"
"ETCYY-US","etcyycloset","#ootd #tiktokshop #womensfashion #summeroutfit","https://www.tiktok.com/@MS4wLjABAAAAaCwGq_3D-9xVRayIp3icS8N58NePtV5mre_jyDhWQjswQeXIrKxf3p1Wm-uUCb7V/video/7682751377914858766","2026-09-07T20:50:00+08:00","15","12","0","0","0","0","0"
"ETCYY-US","etcyywears","#sohochic#tiktok#tiktokshop#ootd","https://www.tiktok.com/@MS4wLjABAAAAZ79LMZFS-icRZjdE7C2BragqlZXfRKdeJ1H08NhO17EzAka-g_0oBEmtg9Z4nERS/video/7681213689667538207","2026-09-03T20:23:00+08:00","15","12","0","0","0","0","0"
"ETCYY-US","etcyytrend","#sohochic#tiktok#tiktokshop#ootd","https://www.tiktok.com/@MS4wLjABAAAAprkcshaplh4GRVEjch2qyGQkMpJTwvj34syE0hr48OH6OQLpdV0X2lEQ0RGaSSJI/video/7680858065305947406","2026-09-02T16:52:23+08:00","15","12","0","0","0","0","0"
"ETCYY","etcyy.girl","denim collar layered sweater#Sweater #Pullover #Preppy #tiktokshopbac...","https://www.tiktok.com/@MS4wLjABAAAAED6sbt0gYEWU6akMi_DNMrZdwnMl5vHKWozKnOQrev5G2fpWaWyKhzy9WYwG3Yi2/video/7682353132705287437","2026-09-06T17:35:36+08:00","12","12","0","0","0","0","0"
"ETCYY","etfashion.chic","crossover colorblock swimsuit#swimwear #SwimsuitKiller #onepieceswims...","https://www.tiktok.com/@MS4wLjABAAAAE5ssFIRGpZ7TixzpemcgiI6nSAJdZChEl0f0HlBe1H1O3ecaA6QWaEVDzfgLdcAn/video/7681615053027544333","2026-09-04T17:50:42+08:00","10","12","0","0","0","0","0"
"ETCYY-US","etcyy.shop","best mall find today#jacket #coat #falloutfit #tiktokshopbacktoschool","https://www.tiktok.com/@MS4wLjABAAAAk77v-F906GlGTkZZ5pEuTXeDeihRllX-eae_barUoG6rv7_TlXAxE563gn3C1XXo/video/7682708158506175775","2026-09-07T16:32:25+08:00","10","11","0","0","0","0","0"
"ETCYY-US","etcyy_chic7","Comment “sale“，If you want a discount#dress #ootd #fyp#tiktokshopmade...","https://www.tiktok.com/@MS4wLjABAAAAOZlo8VLhFzwQxaJz__FbmqrJNInlS5egBBy6-UlIZAlLyOJpocLBFn8VCUkjTHxW/video/7683437569593347341","2026-09-09T15:42:11+08:00","8","11","0","0","0","0","0"
"ETCYY-US","etcyy.dressup","#ootd #tiktokshop #boutiquefashion #chicstyle","https://www.tiktok.com/@MS4wLjABAAAAslEi_1sYHkbThsHqrWa75z0z-JZSMtjOhC5Sm0sHW62rv4fEXEi-Zf6ZBJU-cw7E/video/7681615872506613005","2026-09-04T17:54:23+08:00","15","11","0","0","0","0","0"
"ETCYY-US","etcyy.dressup","#ootd#UniqueDesignShirt #WomensFashionBlouse#NavyBlueLayeredBlouse","https://www.tiktok.com/@MS4wLjABAAAAslEi_1sYHkbThsHqrWa75z0z-JZSMtjOhC5Sm0sHW62rv4fEXEi-Zf6ZBJU-cw7E/video/7678643804991180045","2026-08-27T17:40:38+08:00","15","11","0","0","0","0","0"
"ETCYY-US","etcyy.daily","#tiktok #tiktokshop #ootd #woman ","https://www.tiktok.com/@MS4wLjABAAAAIn9Zn1XR3yoPHf7kI7b0dNMyczGiKiCXWt5uQC6k58sBwWdTeJeAX0uzcfrXFpcE/video/7678622878941646110","2026-08-27T18:49:00+08:00","15","11","0","0","0","0","0"
"ETCYY-US","etcyy.mode","#sohochic#tiktok#tiktokshop#ootd","https://www.tiktok.com/@MS4wLjABAAAAAzWwlO1snm3knv0nLXURI_21KQG9TG5Rl0IsUoNTIiH1nJlP5ORdCNRtOnNp_FBF/video/7680849549862128910","2026-09-02T18:49:00+08:00","15","11","0","0","0","0","0"
"ETCYY-US","etcyylooks","#ContrastPanelSweater #RibbedKnitTop #LongSleeveWorkShirt #DesignerLa...","https://www.tiktok.com/@MS4wLjABAAAADN4bHzuz0PCRGRcv7_0WFFbcB8MFIjAUxm-kcIWbHF-MM0aJ3NDRBv8YjN8WLJ5D/video/7679398033804627214","2026-08-29T18:28:46+08:00","15","11","0","0","0","0","0"
"ETCYY-US","etcyytrend","#ootd #tiktokshop #denimtop #casualstyle","https://www.tiktok.com/@MS4wLjABAAAAprkcshaplh4GRVEjch2qyGQkMpJTwvj34syE0hr48OH6OQLpdV0X2lEQ0RGaSSJI/video/7681982321896983822","2026-09-05T20:06:00+08:00","15","11","0","0","0","0","0"
"ETCYY-US","etcyytrend","#ootd #tiktokshop #denimtop #casualstyle","https://www.tiktok.com/@MS4wLjABAAAAprkcshaplh4GRVEjch2qyGQkMpJTwvj34syE0hr48OH6OQLpdV0X2lEQ0RGaSSJI/video/7681982476859886862","2026-09-05T17:36:47+08:00","15","11","0","0","0","0","0"
"ETCYY-US","etcyytrend","#sohochic#tiktok#tiktokshop#ootd","https://www.tiktok.com/@MS4wLjABAAAAprkcshaplh4GRVEjch2qyGQkMpJTwvj34syE0hr48OH6OQLpdV0X2lEQ0RGaSSJI/video/7680857686136655117","2026-09-02T18:20:00+08:00","15","11","1","0","0","0","0.09090909090909091"
"ETCYY","etcyychic","end-of-season swimsuit drop#swimwear #SwimsuitKiller #onepieceswimsui...","https://www.tiktok.com/@MS4wLjABAAAA67cypz92QYqZmYg6fDgoLRPkXFvwonvRMfQTgbnU5iceQDLjyEX97uDleqIj141n/video/7681953933614402846","2026-09-05T15:45:26+08:00","9","11","0","0","0","0","0"
"ETCYY","user5835336672755","#ootd #outfit #fyp ","https://www.tiktok.com/@MS4wLjABAAAAXuF2pGCa0ER5WqwZ1KB7GyADFtjtVr9dtL17wpZoSSxGlvXHRWZUSuik1Cxyd9WD/video/7683221096602111246","2026-09-09T01:42:08+08:00","15","11","0","0","0","0","0"
"ETCYY-US","etcyy.dressup","#ootd #tiktokshop #boutiquefashion #chicstyle","https://www.tiktok.com/@MS4wLjABAAAAslEi_1sYHkbThsHqrWa75z0z-JZSMtjOhC5Sm0sHW62rv4fEXEi-Zf6ZBJU-cw7E/video/7682750002405346591","2026-09-07T19:15:05+08:00","15","10","0","0","0","0","0"
"ETCYY-US","etcyy.daily","#ootd #tiktokshop #denimfashion #streetwearstyle","https://www.tiktok.com/@MS4wLjABAAAAIn9Zn1XR3yoPHf7kI7b0dNMyczGiKiCXWt5uQC6k58sBwWdTeJeAX0uzcfrXFpcE/video/7682750821192224030","2026-09-07T21:47:00+08:00","15","10","0","0","0","0","0"
"ETCYY-US","etcyycloset","#ootd #tiktokshop #womensfashion #summeroutfit","https://www.tiktok.com/@MS4wLjABAAAAaCwGq_3D-9xVRayIp3icS8N58NePtV5mre_jyDhWQjswQeXIrKxf3p1Wm-uUCb7V/video/7681985873033825550","2026-09-05T20:19:00+08:00","15","10","0","0","0","0","0"
"ETCYY-US","etcyycloset","😘😘😳😍🙈😎😒","https://www.tiktok.com/@MS4wLjABAAAAaCwGq_3D-9xVRayIp3icS8N58NePtV5mre_jyDhWQjswQeXIrKxf3p1Wm-uUCb7V/video/7677404061058092301","2026-08-24T09:29:13+08:00","15","10","0","0","0","0","0"
"ETCYY","etfashion.chic","contrast cutout monokini#swimwear #SwimsuitKiller #onepieceswimsuit #...","https://www.tiktok.com/@MS4wLjABAAAAE5ssFIRGpZ7TixzpemcgiI6nSAJdZChEl0f0HlBe1H1O3ecaA6QWaEVDzfgLdcAn/video/7682347473636969742","2026-09-06T17:13:23+08:00","12","10","0","0","0","0","0"
"ETCYY","etcyychic","Comment “sale“，If you want a discount#swimwear #bikini #ootd #fyp","https://www.tiktok.com/@MS4wLjABAAAA67cypz92QYqZmYg6fDgoLRPkXFvwonvRMfQTgbnU5iceQDLjyEX97uDleqIj141n/video/7683065905236020510","2026-09-08T15:40:30+08:00","14","10","0","0","0","0","0"
"ETCYY-US","etcyy.shop","vertical stripe button-down#shirts #ootd #DealsForYouDays #tiktokshop...","https://www.tiktok.com/@MS4wLjABAAAAk77v-F906GlGTkZZ5pEuTXeDeihRllX-eae_barUoG6rv7_TlXAxE563gn3C1XXo/video/7681581004309499167","2026-09-04T15:38:33+08:00","15","9","0","0","0","0","0"
"ETCYY-US","etcyy.outfits","#ootd#UniqueDesignShirt #WomensFashionBlouse#NavyBlueLayeredBlouse","https://www.tiktok.com/@MS4wLjABAAAAoQFJPQPYC22qIvVGvvvRC0g_My8pz54doaZlHyyB-tRzCgol_WB2xUmnrUdaPRmI/video/7678645221705534733","2026-08-27T20:16:00+08:00","15","9","0","0","0","0","0"
"ETCYY-US","etcyy.trends","#tiktok #tiktokshop #ootd #woman ","https://www.tiktok.com/@MS4wLjABAAAAxjZhhWuHncPj_vKg81t30P0KBSD0vIEjkmVaF2TqCud5QgyDrA1hvlysd3ksAMex/video/7677499987177114894","2026-08-24T15:42:12+08:00","15","9","0","0","0","0","0"
"ETCYY-US","etcyy.wear","#WorkFromHomeBlouse #CozyWorkWear #WomensLongSleeveTop #BusinessCasua...","https://www.tiktok.com/@MS4wLjABAAAASYmu1XGMcfs93-fOI77Urb73o1YDOmpOcA7fNZSv0jajFPiuSKiyyFHWc3bWvP-g/video/7680119689166605581","2026-08-31T17:37:51+08:00","15","9","0","0","0","0","0"
"ETCYY-US","etcyyfashion.us","#ootd #tiktokshop #womensfashion #summeroutfit","https://www.tiktok.com/@MS4wLjABAAAAp926TyS2DAQENQPGFLeFUMmbKXdhwNitFIkicm5Aw5Ep27vC7G5qDsoD_An3R6JY/video/7681614579733941518","2026-09-04T17:48:56+08:00","15","9","0","0","0","0","0"
"ETCYY-US","etcyyfashion.us","#sohochic#tiktok#tiktokshop#ootd","https://www.tiktok.com/@MS4wLjABAAAAp926TyS2DAQENQPGFLeFUMmbKXdhwNitFIkicm5Aw5Ep27vC7G5qDsoD_An3R6JY/video/7681229762626358541","2026-09-03T16:54:48+08:00","15","9","1","0","0","0","0.1111111111111111"
"ETCYY-US","etcyylooks","#ootd #tiktokshop #denimtop #casualstyle","https://www.tiktok.com/@MS4wLjABAAAADN4bHzuz0PCRGRcv7_0WFFbcB8MFIjAUxm-kcIWbHF-MM0aJ3NDRBv8YjN8WLJ5D/video/7681620751539031309","2026-09-04T19:42:00+08:00","15","9","0","0","0","0","0"
"ETCYY-US","etcyytrend","#ootd #tiktokshop #denimtop #casualstyle","https://www.tiktok.com/@MS4wLjABAAAAprkcshaplh4GRVEjch2qyGQkMpJTwvj34syE0hr48OH6OQLpdV0X2lEQ0RGaSSJI/video/7681620187275119885","2026-09-04T19:39:00+08:00","15","9","0","0","0","0","0"
"ETCYY-US","etcyytrend","#ContrastPanelSweater #RibbedKnitTop #LongSleeveWorkShirt #DesignerLa...","https://www.tiktok.com/@MS4wLjABAAAAprkcshaplh4GRVEjch2qyGQkMpJTwvj34syE0hr48OH6OQLpdV0X2lEQ0RGaSSJI/video/7679397498569461006","2026-08-29T20:55:00+08:00","15","9","0","0","0","0","0"
"ETCYY","etcyy.girl","denim polo collar knitwear#Sweater #Pullover #Preppy #tiktokshopbackt...","https://www.tiktok.com/@MS4wLjABAAAAED6sbt0gYEWU6akMi_DNMrZdwnMl5vHKWozKnOQrev5G2fpWaWyKhzy9WYwG3Yi2/video/7681610981155360014","2026-09-04T17:35:18+08:00","11","9","0","0","0","0","0"
"ETCYY-US","etcyy.dressup","#sohochic#tiktok#tiktokshop#ootd","https://www.tiktok.com/@MS4wLjABAAAAslEi_1sYHkbThsHqrWa75z0z-JZSMtjOhC5Sm0sHW62rv4fEXEi-Zf6ZBJU-cw7E/video/7680843523549121822","2026-09-02T15:55:56+08:00","15","8","0","0","0","0","0"
"ETCYY-US","etcyy.glam","#sohochic#tiktok#tiktokshop#ootd","https://www.tiktok.com/@MS4wLjABAAAAI95MRpE0J2k31jCljJSn-F0-knBxN1H-2B629ifUTuROBthPTMhoEBgJdtPsHfIL/video/7682707531998825759","2026-09-07T17:10:00+08:00","15","8","0","0","0","0","0"
"ETCYY-US","etcyy.glam","#sohochic#tiktok#tiktokshop#ootd","https://www.tiktok.com/@MS4wLjABAAAAI95MRpE0J2k31jCljJSn-F0-knBxN1H-2B629ifUTuROBthPTMhoEBgJdtPsHfIL/video/7681968976930376990","2026-09-05T17:25:00+08:00","15","8","0","0","0","0","0"
"ETCYY-US","etcyy.daily","#ootd #tiktokshop #denimfashion #streetwearstyle","https://www.tiktok.com/@MS4wLjABAAAAIn9Zn1XR3yoPHf7kI7b0dNMyczGiKiCXWt5uQC6k58sBwWdTeJeAX0uzcfrXFpcE/video/7681619072152243487","2026-09-04T19:35:00+08:00","15","8","0","0","0","0","0"
"ETCYY-US","etcyy.trends","#TwoInOneSweaterShirt #WomensOfficeWear #TrendyLayeredTop #StripedKni...","https://www.tiktok.com/@MS4wLjABAAAAxjZhhWuHncPj_vKg81t30P0KBSD0vIEjkmVaF2TqCud5QgyDrA1hvlysd3ksAMex/video/7680128786599349517","2026-08-31T17:43:36+08:00","15","8","0","0","0","0","0"
"ETCYY-US","etcyywears","#StripedLayeredBlouse #WomensKnitShirt #SmartCasualOutfit #NavyWorkT","https://www.tiktok.com/@MS4wLjABAAAAZ79LMZFS-icRZjdE7C2BragqlZXfRKdeJ1H08NhO17EzAka-g_0oBEmtg9Z4nERS/video/7680129789059009822","2026-08-31T17:47:23+08:00","15","8","1","0","0","0","0.125"
"ETCYY-US","etcyy.style.us","#sohochic#tiktok#tiktokshop#ootd","https://www.tiktok.com/@MS4wLjABAAAAyvCdZacPbOoMqVoNHx1jnTFM61na9G5Hmne_0LuLgNtdyQEUZoM7QHng8OcMCeDe/video/7681212826249170206","2026-09-03T17:19:00+08:00","15","8","0","0","0","0","0"
"ETCYY","etcyy.girl","Comment “Autumn“，If you want a discount#Sweater #fallfashion #outfit ...","https://www.tiktok.com/@MS4wLjABAAAAED6sbt0gYEWU6akMi_DNMrZdwnMl5vHKWozKnOQrev5G2fpWaWyKhzy9WYwG3Yi2/video/7682725205441056014","2026-09-07T17:38:42+08:00","15","8","0","0","0","0","0"
"ETCYY","etfashion.chic","2-tone ruched one-piece#swimwear #SwimsuitKiller #onepieceswimsuit #m...","https://www.tiktok.com/@MS4wLjABAAAAE5ssFIRGpZ7TixzpemcgiI6nSAJdZChEl0f0HlBe1H1O3ecaA6QWaEVDzfgLdcAn/video/7681970580706413838","2026-09-05T16:50:59+08:00","10","8","0","0","0","0","0"
"ETCYY","etcyychic","this cutout swimsuit is on final clearance 🏖️#swimwear #SwimsuitKille...","https://www.tiktok.com/@MS4wLjABAAAA67cypz92QYqZmYg6fDgoLRPkXFvwonvRMfQTgbnU5iceQDLjyEX97uDleqIj141n/video/7682345293513280799","2026-09-06T17:04:28+08:00","6","8","0","0","0","0","0"
"ETCYY-US","etcyy.shop","best mall find today#sweater #blouse #tiktokshopbacktoschool #fyp","https://www.tiktok.com/@MS4wLjABAAAAk77v-F906GlGTkZZ5pEuTXeDeihRllX-eae_barUoG6rv7_TlXAxE563gn3C1XXo/video/7681983077962239262","2026-09-05T17:38:46+08:00","10","7","0","0","0","0","0"
"ETCYY-US","etcyy.mode","#TwoInOneSweaterShirt #WomensOfficeWear #TrendyLayeredTop #StripedKni...","https://www.tiktok.com/@MS4wLjABAAAAAzWwlO1snm3knv0nLXURI_21KQG9TG5Rl0IsUoNTIiH1nJlP5ORdCNRtOnNp_FBF/video/7679393297227468045","2026-08-29T19:38:00+08:00","15","7","0","0","0","0","0"
"ETCYY-US","etcyyfashion.us","#ootd #tiktokshop #womensfashion #summeroutfit","https://www.tiktok.com/@MS4wLjABAAAAp926TyS2DAQENQPGFLeFUMmbKXdhwNitFIkicm5Aw5Ep27vC7G5qDsoD_An3R6JY/video/7682752298300329229","2026-09-07T19:22:59+08:00","15","7","0","0","0","0","0"
"ETCYY-US","etcyylooks","#ootd #tiktokshop #denimtop #casualstyle","https://www.tiktok.com/@MS4wLjABAAAADN4bHzuz0PCRGRcv7_0WFFbcB8MFIjAUxm-kcIWbHF-MM0aJ3NDRBv8YjN8WLJ5D/video/7681982817948945678","2026-09-05T17:38:28+08:00","15","7","0","0","0","0","0"
"ETCYY-US","etcyylooks","#ContrastPanelSweater #RibbedKnitTop #LongSleeveWorkShirt #DesignerLa...","https://www.tiktok.com/@MS4wLjABAAAADN4bHzuz0PCRGRcv7_0WFFbcB8MFIjAUxm-kcIWbHF-MM0aJ3NDRBv8YjN8WLJ5D/video/7679397989462461709","2026-08-29T20:58:00+08:00","15","7","0","0","0","0","0"
"ETCYY-US","etcyytrend","#ootd #tiktokshop #denimtop #casualstyle","https://www.tiktok.com/@MS4wLjABAAAAprkcshaplh4GRVEjch2qyGQkMpJTwvj34syE0hr48OH6OQLpdV0X2lEQ0RGaSSJI/video/7681981812645694734","2026-09-05T19:04:00+08:00","15","7","0","0","0","0","0"
"ETCYY","etcyychic","Comment “sale“，If you want a discount#swimwear #bikini #ootd #fyp","https://www.tiktok.com/@MS4wLjABAAAA67cypz92QYqZmYg6fDgoLRPkXFvwonvRMfQTgbnU5iceQDLjyEX97uDleqIj141n/video/7683097258258369823","2026-09-08T17:41:36+08:00","14","7","0","0","0","0","0"
"ETCYY-US","etcyy.clothing","pink striped ruffle tiered dress#maxidress #summerdress #fashionfinds...","https://www.tiktok.com/@MS4wLjABAAAAyrl-2vBe_tJH8pTVAnpx0Og_G2XcHCcoICR6Y3ZzRf5A2poh7m03SlFMo4Wr48q9/video/7681579553986252046","2026-09-04T15:33:03+08:00","15","6","0","0","0","0","0"
"ETCYY-US","etcyy.vibes","#sohochic#tiktok#tiktokshop#ootd","https://www.tiktok.com/@MS4wLjABAAAAXhiLJGfuFXjsz8jJC7Xaebg4LFMP8HA-uFYWXldxI_udMGjoWd4xhdhbupkeG_5d/video/7680835663012302111","2026-09-02T16:07:00+08:00","15","6","0","0","0","0","0"
"ETCYY-US","etcyy.daily","#sohochic#tiktok#tiktokshop#ootd","https://www.tiktok.com/@MS4wLjABAAAAIn9Zn1XR3yoPHf7kI7b0dNMyczGiKiCXWt5uQC6k58sBwWdTeJeAX0uzcfrXFpcE/video/7680866269867887902","2026-09-02T17:24:15+08:00","15","6","0","0","0","1","0"
"ETCYY-US","etcyy.wear","#sohochic#tiktok#tiktokshop#ootd","https://www.tiktok.com/@MS4wLjABAAAASYmu1XGMcfs93-fOI77Urb73o1YDOmpOcA7fNZSv0jajFPiuSKiyyFHWc3bWvP-g/video/7681618941059403022","2026-09-04T18:05:35+08:00","15","6","0","0","0","0","0"
"ETCYY-US","etcyycloset","#sohochic#tiktok#tiktokshop#ootd","https://www.tiktok.com/@MS4wLjABAAAAaCwGq_3D-9xVRayIp3icS8N58NePtV5mre_jyDhWQjswQeXIrKxf3p1Wm-uUCb7V/video/7680879756107107598","2026-09-02T20:46:00+08:00","15","6","0","0","0","0","0"
"ETCYY","etcyy.girl","Comment “Autumn“，If you want a discount#Sweater #fallfashion #outfit ...","https://www.tiktok.com/@MS4wLjABAAAAED6sbt0gYEWU6akMi_DNMrZdwnMl5vHKWozKnOQrev5G2fpWaWyKhzy9WYwG3Yi2/video/7682709390733970702","2026-09-07T16:37:25+08:00","15","6","0","0","0","0","0"
"ETCYY","user5835336672755","#ootd #outfit #fyp ","https://www.tiktok.com/@MS4wLjABAAAAXuF2pGCa0ER5WqwZ1KB7GyADFtjtVr9dtL17wpZoSSxGlvXHRWZUSuik1Cxyd9WD/video/7683573010275552526","2026-09-10T00:27:43+08:00","15","6","0","0","0","0","0"
"ETCYY-US","etcyy_chic7","Comment “sale“，If you want a discount#blouse #ootd #tiktokshopmademeb...","https://www.tiktok.com/@MS4wLjABAAAAOZlo8VLhFzwQxaJz__FbmqrJNInlS5egBBy6-UlIZAlLyOJpocLBFn8VCUkjTHxW/video/7683097920668798222","2026-09-08T17:44:14+08:00","12","5","0","0","0","0","0"
"ETCYY-US","etcyy_chic7","best mall find today#sweater #blouse #tiktokshopbacktoschool #fyp","https://www.tiktok.com/@MS4wLjABAAAAOZlo8VLhFzwQxaJz__FbmqrJNInlS5egBBy6-UlIZAlLyOJpocLBFn8VCUkjTHxW/video/7681582510542736653","2026-09-04T15:44:31+08:00","10","5","0","0","0","0","0"
"ETCYY-US","wardrobepicked","ETCYY NEW Women’s Pink Striped Plaid Flannel Shirt - Fitted Buffalo C...","https://www.tiktok.com/@MS4wLjABAAAA-KhelFlYiQz8vPYpnvp-W4flOK_khCxv3qHvtIHVSb7eH_s2sSz3h2HyLbrplwEw/video/7683438437290102047","2026-09-09T15:45:34+08:00","15","5","0","0","0","0","0"
"ETCYY-US","etcyy.glam","#sohochic#tiktok#tiktokshop#ootd","https://www.tiktok.com/@MS4wLjABAAAAI95MRpE0J2k31jCljJSn-F0-knBxN1H-2B629ifUTuROBthPTMhoEBgJdtPsHfIL/video/7682707800077716766","2026-09-07T16:30:48+08:00","15","5","0","0","0","0","0"
"ETCYY-US","etcyy.style","#ootd#WomensOfficeBlouse #StripedKnitTop #WorkWearForWomen ","https://www.tiktok.com/@MS4wLjABAAAAQ3FFLKyG0bIqEGSl9sECwwUSBa9ardtZjxuurrr8cU1J7aq2bG_vJhHFQ5YOavmm/video/7678640904961314061","2026-08-27T17:29:42+08:00","15","5","0","0","0","0","0"
"ETCYY-US","etcyy.daily","#ootd #tiktokshop #denimfashion #streetwearstyle","https://www.tiktok.com/@MS4wLjABAAAAIn9Zn1XR3yoPHf7kI7b0dNMyczGiKiCXWt5uQC6k58sBwWdTeJeAX0uzcfrXFpcE/video/7681974686175038750","2026-09-05T19:36:00+08:00","15","5","0","0","0","0","0"
"ETCYY-US","etcyycloset","#sohochic#tiktok#tiktokshop#ootd","https://www.tiktok.com/@MS4wLjABAAAAaCwGq_3D-9xVRayIp3icS8N58NePtV5mre_jyDhWQjswQeXIrKxf3p1Wm-uUCb7V/video/7681229936144829710","2026-09-03T17:35:00+08:00","15","5","0","0","0","0","0"
"ETCYY-US","etcyylooks","😁😉😍😉😊😌","https://www.tiktok.com/@MS4wLjABAAAADN4bHzuz0PCRGRcv7_0WFFbcB8MFIjAUxm-kcIWbHF-MM0aJ3NDRBv8YjN8WLJ5D/video/7676764409343135007","2026-08-22T16:07:38+08:00","15","5","0","0","0","0","0"
"ETCYY","etfashion","#nightgown #lifeathome #sleepwear #fyp #fashion","https://www.tiktok.com/@MS4wLjABAAAAbgGfCRlv5O0rHdWogM_vH0fEhalx_qwHwQtBrjZwuh-f6wnskQ4ssybAMdkyudtz/video/6808084123350043909","2020-03-25T18:03:33+08:00","11","5","3","0","0","0","0.6"
"ETCYY","etfashion","#tictokfashion #styletips #goodlook #fashion What do you think of thi...","https://www.tiktok.com/@MS4wLjABAAAAbgGfCRlv5O0rHdWogM_vH0fEhalx_qwHwQtBrjZwuh-f6wnskQ4ssybAMdkyudtz/video/6805948469845544198","2020-03-19T23:56:05+08:00","14","5","1","0","0","0","0.2"
"ETCYY","etcyy.girl","Comment “Autumn“，If you want a discount#Sweater #fallfashion #outfit ...","https://www.tiktok.com/@MS4wLjABAAAAED6sbt0gYEWU6akMi_DNMrZdwnMl5vHKWozKnOQrev5G2fpWaWyKhzy9WYwG3Yi2/video/7683095755485121806","2026-09-08T17:35:46+08:00","15","5","1","0","0","0","0.2"
"ETCYY-US","etcyy.clothing","striped ruffle collar midi dress#maxidress #summerdress #fashionfinds...","https://www.tiktok.com/@MS4wLjABAAAAyrl-2vBe_tJH8pTVAnpx0Og_G2XcHCcoICR6Y3ZzRf5A2poh7m03SlFMo4Wr48q9/video/7681595031676783886","2026-09-04T16:32:56+08:00","15","4","0","0","0","0","0"
"ETCYY-US","etcyy.shop","best mall find today#jacket #coat #falloutfit #tiktokshopbacktoschool","https://www.tiktok.com/@MS4wLjABAAAAk77v-F906GlGTkZZ5pEuTXeDeihRllX-eae_barUoG6rv7_TlXAxE563gn3C1XXo/video/7682693052804222238","2026-09-07T15:33:28+08:00","9","4","0","0","0","0","0"
"ETCYY-US","etcyy.style","#ootd#WomensOfficeBlouse #StripedKnitTop #WorkWearForWomen ","https://www.tiktok.com/@MS4wLjABAAAAQ3FFLKyG0bIqEGSl9sECwwUSBa9ardtZjxuurrr8cU1J7aq2bG_vJhHFQ5YOavmm/video/7678640562961992973","2026-08-27T18:58:00+08:00","15","4","0","0","0","0","0"
"ETCYY-US","etcyy.vibes","#tiktok #tiktokshop #tood ","https://www.tiktok.com/@MS4wLjABAAAAXhiLJGfuFXjsz8jJC7Xaebg4LFMP8HA-uFYWXldxI_udMGjoWd4xhdhbupkeG_5d/video/7677499115407691039","2026-08-24T15:38:18+08:00","15","4","0","0","0","0","0"
"ETCYY-US","etcyy.mode","#tiktok #tiktokshop #ootd #woman ","https://www.tiktok.com/@MS4wLjABAAAAAzWwlO1snm3knv0nLXURI_21KQG9TG5Rl0IsUoNTIiH1nJlP5ORdCNRtOnNp_FBF/video/7678630059942399246","2026-08-27T18:17:00+08:00","15","4","0","0","0","0","0"
"ETCYY-US","etcyy.wear","#WorkFromHomeBlouse #CozyWorkWear #WomensLongSleeveTop #BusinessCasua...","https://www.tiktok.com/@MS4wLjABAAAASYmu1XGMcfs93-fOI77Urb73o1YDOmpOcA7fNZSv0jajFPiuSKiyyFHWc3bWvP-g/video/7679394890366602509","2026-08-29T18:15:48+08:00","15","4","0","0","0","0","0"
"ETCYY-US","etcyy.lookbook","#tiktok #tiktokshop #ootd ","https://www.tiktok.com/@MS4wLjABAAAAB7ADPXI4N-HH1kKQPqRQpjW4QtjQqIyrM58InkyoFYDSQvaMkewMEw7yVlkLy41g/video/7678623598222789918","2026-08-27T16:22:11+08:00","15","4","0","0","0","0","0"
"ETCYY-US","etcyywears","#sohochic#tiktok#tiktokshop#ootd","https://www.tiktok.com/@MS4wLjABAAAAZ79LMZFS-icRZjdE7C2BragqlZXfRKdeJ1H08NhO17EzAka-g_0oBEmtg9Z4nERS/video/7680891636921994527","2026-09-02T19:02:36+08:00","15","4","0","0","0","0","0"
"ETCYY-US","etcyylooks","#ootd #tiktokshop #denimtop #casualstyle","https://www.tiktok.com/@MS4wLjABAAAADN4bHzuz0PCRGRcv7_0WFFbcB8MFIjAUxm-kcIWbHF-MM0aJ3NDRBv8YjN8WLJ5D/video/7681621126044306701","2026-09-04T18:14:17+08:00","15","4","0","0","0","0","0"
"ETCYY-US","etcyytrend","#ootd #tiktokshop #denimtop #casualstyle","https://www.tiktok.com/@MS4wLjABAAAAprkcshaplh4GRVEjch2qyGQkMpJTwvj34syE0hr48OH6OQLpdV0X2lEQ0RGaSSJI/video/7681620461507169549","2026-09-04T18:10:57+08:00","15","4","0","0","0","0","0"
"ETCYY","etcyy.girl","Fall Outfit #FallFashion #PreppyStyle #CityStyle","https://www.tiktok.com/@MS4wLjABAAAAED6sbt0gYEWU6akMi_DNMrZdwnMl5vHKWozKnOQrev5G2fpWaWyKhzy9WYwG3Yi2/video/7683379684180004109","2026-09-09T11:57:28+08:00","30","4","0","0","0","0","0"
"ETCYY","etfashion.chic","Comment “sale“，If you want a discount#swimwear #sale #ootd #DealsForY...","https://www.tiktok.com/@MS4wLjABAAAAE5ssFIRGpZ7TixzpemcgiI6nSAJdZChEl0f0HlBe1H1O3ecaA6QWaEVDzfgLdcAn/video/7683099378441080077","2026-09-08T17:49:51+08:00","12","4","0","0","0","0","0"
"ETCYY","etcyychic","Comment “sale“，If you want a discount#swimwear #bikini #ootd #fyp","https://www.tiktok.com/@MS4wLjABAAAA67cypz92QYqZmYg6fDgoLRPkXFvwonvRMfQTgbnU5iceQDLjyEX97uDleqIj141n/video/7683081545208368415","2026-09-08T16:40:36+08:00","15","4","0","0","0","0","0"
"ETCYY","etcyychic","summer clearance alert🚨#swimwear #SwimsuitKiller #onepieceswimsuit #m...","https://www.tiktok.com/@MS4wLjABAAAA67cypz92QYqZmYg6fDgoLRPkXFvwonvRMfQTgbnU5iceQDLjyEX97uDleqIj141n/video/7682354721109134623","2026-09-06T17:41:16+08:00","13","4","0","0","0","0","0"
"ETCYY","user5835336672755","#ootd #outfit #fyp ","https://www.tiktok.com/@MS4wLjABAAAAXuF2pGCa0ER5WqwZ1KB7GyADFtjtVr9dtL17wpZoSSxGlvXHRWZUSuik1Cxyd9WD/video/7683221521963289869","2026-09-09T04:10:00+08:00","15","4","0","0","0","0","0"
"ETCYY-US","etcyy.clothing","waffle-knit patchwork top#shirts #ootd #tiktokshopbacktoschool #comfy...","https://www.tiktok.com/@MS4wLjABAAAAyrl-2vBe_tJH8pTVAnpx0Og_G2XcHCcoICR6Y3ZzRf5A2poh7m03SlFMo4Wr48q9/video/7680855424962202893","2026-09-02T16:42:12+08:00","12","3","0","0","0","0","0"
"ETCYY-US","etcyy.dressup","#sohochic#tiktok#tiktokshop#ootd","https://www.tiktok.com/@MS4wLjABAAAAslEi_1sYHkbThsHqrWa75z0z-JZSMtjOhC5Sm0sHW62rv4fEXEi-Zf6ZBJU-cw7E/video/7681244874108161310","2026-09-03T17:53:25+08:00","15","3","0","0","0","0","0"
"ETCYY-US","etcyy.glam","#sohochic#tiktok#tiktokshop#ootd","https://www.tiktok.com/@MS4wLjABAAAAI95MRpE0J2k31jCljJSn-F0-knBxN1H-2B629ifUTuROBthPTMhoEBgJdtPsHfIL/video/7681969294036471070","2026-09-05T16:45:11+08:00","15","3","0","0","0","0","0"
"ETCYY-US","etcyy.style","#WorkFromHomeBlouse #CozyWorkWear #WomensLongSleeveTop #BusinessCasua...","https://www.tiktok.com/@MS4wLjABAAAAQ3FFLKyG0bIqEGSl9sECwwUSBa9ardtZjxuurrr8cU1J7aq2bG_vJhHFQ5YOavmm/video/7679394008535190798","2026-08-29T18:12:08+08:00","15","3","0","0","0","0","0"
"ETCYY-US","etcyy.vibes","#sohochic#tiktok#tiktokshop#ootd","https://www.tiktok.com/@MS4wLjABAAAAXhiLJGfuFXjsz8jJC7Xaebg4LFMP8HA-uFYWXldxI_udMGjoWd4xhdhbupkeG_5d/video/7680835789856574751","2026-09-02T17:07:00+08:00","15","3","0","0","0","0","0"
"ETCYY-US","etcyy.outfits","#sohochic#tiktok#tiktokshop#ootd","https://www.tiktok.com/@MS4wLjABAAAAoQFJPQPYC22qIvVGvvvRC0g_My8pz54doaZlHyyB-tRzCgol_WB2xUmnrUdaPRmI/video/7680840593936846110","2026-09-02T17:14:00+08:00","15","3","0","0","0","0","0"
"ETCYY-US","etcyy.trends","#sohochic#tiktok#tiktokshop#ootd","https://www.tiktok.com/@MS4wLjABAAAAxjZhhWuHncPj_vKg81t30P0KBSD0vIEjkmVaF2TqCud5QgyDrA1hvlysd3ksAMex/video/7680850428224916750","2026-09-02T17:52:00+08:00","15","3","0","0","0","0","0"
"ETCYY-US","etcyy.trends","#sohochic#tiktok#tiktokshop#ootd","https://www.tiktok.com/@MS4wLjABAAAAxjZhhWuHncPj_vKg81t30P0KBSD0vIEjkmVaF2TqCud5QgyDrA1hvlysd3ksAMex/video/7680850753228901646","2026-09-02T16:23:59+08:00","15","3","0","0","0","0","0"
"ETCYY-US","etcyy.wear","#sohochic#tiktok#tiktokshop#ootd","https://www.tiktok.com/@MS4wLjABAAAASYmu1XGMcfs93-fOI77Urb73o1YDOmpOcA7fNZSv0jajFPiuSKiyyFHWc3bWvP-g/video/7681972758615526670","2026-09-05T16:58:03+08:00","15","3","0","0","0","0","0"
"ETCYY-US","etcyytrend","#ContrastPanelSweater #RibbedKnitTop #LongSleeveWorkShirt #DesignerLa...","https://www.tiktok.com/@MS4wLjABAAAAprkcshaplh4GRVEjch2qyGQkMpJTwvj34syE0hr48OH6OQLpdV0X2lEQ0RGaSSJI/video/7679032983533161741","2026-08-28T20:20:00+08:00","15","3","0","0","0","0","0"
"ETCYY","etcyy.girl","Comment “Autumn“，If you want a discount#Sweater #fallfashion #outfit ...","https://www.tiktok.com/@MS4wLjABAAAAED6sbt0gYEWU6akMi_DNMrZdwnMl5vHKWozKnOQrev5G2fpWaWyKhzy9WYwG3Yi2/video/7682694303101078797","2026-09-07T15:38:38+08:00","15","3","0","0","0","0","0"
"ETCYY","etcyychic","Comment “sale“，If you want a discount#swimwear #sale #ootd #DealsForY...","https://www.tiktok.com/@MS4wLjABAAAA67cypz92QYqZmYg6fDgoLRPkXFvwonvRMfQTgbnU5iceQDLjyEX97uDleqIj141n/video/7683470429532523806","2026-09-09T17:49:38+08:00","15","3","0","0","0","0","0"
"ETCYY","etcyychic","summer isn’t over yet!#swimwear #SwimsuitKiller #onepieceswimsuit #mo...","https://www.tiktok.com/@MS4wLjABAAAA67cypz92QYqZmYg6fDgoLRPkXFvwonvRMfQTgbnU5iceQDLjyEX97uDleqIj141n/video/7681581827508718878","2026-09-04T15:41:45+08:00","7","3","0","0","0","0","0"
"ETCYY-US","etcyy.clothing","Comment “sale“，If you want a discount#2pieceset #outfit #fyp#tiktoksh...","https://www.tiktok.com/@MS4wLjABAAAAyrl-2vBe_tJH8pTVAnpx0Og_G2XcHCcoICR6Y3ZzRf5A2poh7m03SlFMo4Wr48q9/video/7683435389557820685","2026-09-09T15:33:43+08:00","15","2","0","0","0","0","0"
"ETCYY-US","etcyy.clothing","best mall find today#jacket #coat #falloutfit #tiktokshopbacktoschool","https://www.tiktok.com/@MS4wLjABAAAAyrl-2vBe_tJH8pTVAnpx0Og_G2XcHCcoICR6Y3ZzRf5A2poh7m03SlFMo4Wr48q9/video/7681950668520738062","2026-09-05T15:32:50+08:00","9","2","0","0","0","0","0"
"ETCYY-US","etcyy.dressup","#sohochic#tiktok#tiktokshop#ootd","https://www.tiktok.com/@MS4wLjABAAAAslEi_1sYHkbThsHqrWa75z0z-JZSMtjOhC5Sm0sHW62rv4fEXEi-Zf6ZBJU-cw7E/video/7680843416330308894","2026-09-02T18:25:00+08:00","15","2","0","0","0","0","0"
"ETCYY-US","etcyy.vibes","#ootd#ButtonDetailBlouse #WomensFashionBlouse#UniqueDesignShirt","https://www.tiktok.com/@MS4wLjABAAAAXhiLJGfuFXjsz8jJC7Xaebg4LFMP8HA-uFYWXldxI_udMGjoWd4xhdhbupkeG_5d/video/7680126151200738590","2026-08-31T18:15:00+08:00","15","2","0","0","0","0","0"
"ETCYY-US","etcyy.outfits","#sohochic#tiktok#tiktokshop#ootd","https://www.tiktok.com/@MS4wLjABAAAAoQFJPQPYC22qIvVGvvvRC0g_My8pz54doaZlHyyB-tRzCgol_WB2xUmnrUdaPRmI/video/7681244396297178399","2026-09-03T17:51:30+08:00","15","2","0","0","0","0","0"
"ETCYY-US","etcyy.daily","#sohochic#tiktok#tiktokshop#ootd","https://www.tiktok.com/@MS4wLjABAAAAIn9Zn1XR3yoPHf7kI7b0dNMyczGiKiCXWt5uQC6k58sBwWdTeJeAX0uzcfrXFpcE/video/7681246156126588190","2026-09-03T17:58:23+08:00","15","2","0","0","0","0","0"
"ETCYY-US","etcyy.daily","#tiktok #tiktokshop #ootd #woman ","https://www.tiktok.com/@MS4wLjABAAAAIn9Zn1XR3yoPHf7kI7b0dNMyczGiKiCXWt5uQC6k58sBwWdTeJeAX0uzcfrXFpcE/video/7678622787832925470","2026-08-27T17:48:00+08:00","15","2","0","0","0","0","0"
"ETCYY-US","etcyy.mode","#sohochic#FallVibesSweatshirt #WomensCozyTop #SeasonalFashionSweatshi...","https://www.tiktok.com/@MS4wLjABAAAAAzWwlO1snm3knv0nLXURI_21KQG9TG5Rl0IsUoNTIiH1nJlP5ORdCNRtOnNp_FBF/video/7680506058598583566","2026-09-01T18:07:00+08:00","15","2","0","0","0","0","0"
"ETCYY-US","etcyy.mode","#TwoInOneSweaterShirt #WomensOfficeWear #TrendyLayeredTop #StripedKni...","https://www.tiktok.com/@MS4wLjABAAAAAzWwlO1snm3knv0nLXURI_21KQG9TG5Rl0IsUoNTIiH1nJlP5ORdCNRtOnNp_FBF/video/7679393950188211469","2026-08-29T18:12:18+08:00","15","2","0","0","0","0","0"
"ETCYY-US","etcyy.mode","#tiktok #tiktokshop #ootd #woman ","https://www.tiktok.com/@MS4wLjABAAAAAzWwlO1snm3knv0nLXURI_21KQG9TG5Rl0IsUoNTIiH1nJlP5ORdCNRtOnNp_FBF/video/7679030754650737933","2026-08-28T18:41:30+08:00","15","2","0","0","0","0","0"
"ETCYY-US","etcyy.mode","#tiktok #tiktokshop #ootd ","https://www.tiktok.com/@MS4wLjABAAAAAzWwlO1snm3knv0nLXURI_21KQG9TG5Rl0IsUoNTIiH1nJlP5ORdCNRtOnNp_FBF/video/7677975212658347277","2026-08-25T23:55:00+08:00","15","2","0","0","0","0","0"
"ETCYY-US","etcyy.trends","#tiktok #tiktokshop #ootd","https://www.tiktok.com/@MS4wLjABAAAAxjZhhWuHncPj_vKg81t30P0KBSD0vIEjkmVaF2TqCud5QgyDrA1hvlysd3ksAMex/video/7678627298098072846","2026-08-27T16:37:06+08:00","15","2","0","0","0","0","0"
"ETCYY-US","etcyy.lookbook","#tiktok #tiktokshop #ootd #woman ","https://www.tiktok.com/@MS4wLjABAAAAB7ADPXI4N-HH1kKQPqRQpjW4QtjQqIyrM58InkyoFYDSQvaMkewMEw7yVlkLy41g/video/7678623604216548638","2026-08-27T17:51:00+08:00","15","2","0","0","0","0","0"
"ETCYY-US","etcyylooks","#sohochic#tiktok#tiktokshop#ootd","https://www.tiktok.com/@MS4wLjABAAAADN4bHzuz0PCRGRcv7_0WFFbcB8MFIjAUxm-kcIWbHF-MM0aJ3NDRBv8YjN8WLJ5D/video/7680858498766228750","2026-09-02T18:23:00+08:00","15","2","1","0","0","0","0.5"
"ETCYY-US","etcyy.style.us","#sohochic#tiktok#tiktokshop#ootd","https://www.tiktok.com/@MS4wLjABAAAAyvCdZacPbOoMqVoNHx1jnTFM61na9G5Hmne_0LuLgNtdyQEUZoM7QHng8OcMCeDe/video/7680894599782616350","2026-09-02T19:14:10+08:00","15","2","0","0","0","0","0"
"ETCYY","etfashion.chic","Comment “sale“，If you want a discount#swimwear #sale #ootd #DealsForY...","https://www.tiktok.com/@MS4wLjABAAAAE5ssFIRGpZ7TixzpemcgiI6nSAJdZChEl0f0HlBe1H1O3ecaA6QWaEVDzfgLdcAn/video/7683083867066060046","2026-09-08T16:49:39+08:00","12","2","0","0","0","0","0"
"ETCYY","user5835336672755","#outfit #ootd #fyp ","https://www.tiktok.com/@MS4wLjABAAAAXuF2pGCa0ER5WqwZ1KB7GyADFtjtVr9dtL17wpZoSSxGlvXHRWZUSuik1Cxyd9WD/video/7683573355118693645","2026-09-10T02:59:00+08:00","15","2","0","0","0","0","0"
"ETCYY-US","etcyy.clothing","Comment “sale“，If you want a discount#dress #outfit #fyp #DealsForYou...","https://www.tiktok.com/@MS4wLjABAAAAyrl-2vBe_tJH8pTVAnpx0Og_G2XcHCcoICR6Y3ZzRf5A2poh7m03SlFMo4Wr48q9/video/7683095157117357325","2026-09-08T17:33:25+08:00","14","1","0","0","0","0","0"
"ETCYY-US","etcyy.clothing","Comment “sale“，If you want a discount#dress #outfit #fyp #DealsForYou...","https://www.tiktok.com/@MS4wLjABAAAAyrl-2vBe_tJH8pTVAnpx0Og_G2XcHCcoICR6Y3ZzRf5A2poh7m03SlFMo4Wr48q9/video/7683079514770918669","2026-09-08T16:32:45+08:00","15","1","0","0","0","0","0"
"ETCYY-US","etcyy.clothing","Comment “sale“，If you want a discount#Sweater #outfit #fyp","https://www.tiktok.com/@MS4wLjABAAAAyrl-2vBe_tJH8pTVAnpx0Og_G2XcHCcoICR6Y3ZzRf5A2poh7m03SlFMo4Wr48q9/video/7682724340663733517","2026-09-07T17:35:54+08:00","12","1","0","0","0","0","0"
"ETCYY-US","etcyy.clothing","Comment “sale“，If you want a discount#Sweater #outfit #fyp","https://www.tiktok.com/@MS4wLjABAAAAyrl-2vBe_tJH8pTVAnpx0Og_G2XcHCcoICR6Y3ZzRf5A2poh7m03SlFMo4Wr48q9/video/7682693755811450125","2026-09-07T15:36:17+08:00","11","1","0","0","0","0","0"
"ETCYY-US","etcyy.clothing","2-in-1 diagonal button sweater#sweater #blouse #tiktokshopbacktoschoo...","https://www.tiktok.com/@MS4wLjABAAAAyrl-2vBe_tJH8pTVAnpx0Og_G2XcHCcoICR6Y3ZzRf5A2poh7m03SlFMo4Wr48q9/video/7682352885174144270","2026-09-06T17:33:04+08:00","11","1","0","0","0","0","0"
"ETCYY-US","etcyy.clothing","best mall find today#jacket #coat #falloutfit #tiktokshopbacktoschool","https://www.tiktok.com/@MS4wLjABAAAAyrl-2vBe_tJH8pTVAnpx0Og_G2XcHCcoICR6Y3ZzRf5A2poh7m03SlFMo4Wr48q9/video/7681965997150031117","2026-09-05T16:32:56+08:00","10","1","0","0","0","0","0"
"ETCYY-US","etcyy.clothing","denim patchwork waffle knit polo#shirts #ootd #tiktokshopbacktoschool...","https://www.tiktok.com/@MS4wLjABAAAAyrl-2vBe_tJH8pTVAnpx0Og_G2XcHCcoICR6Y3ZzRf5A2poh7m03SlFMo4Wr48q9/video/7680791430045945101","2026-09-02T12:33:41+08:00","15","1","0","0","0","0","0"
"ETCYY-US","etcyy.dressup","#ootd #tiktokshop #boutiquefashion #chicstyle","https://www.tiktok.com/@MS4wLjABAAAAslEi_1sYHkbThsHqrWa75z0z-JZSMtjOhC5Sm0sHW62rv4fEXEi-Zf6ZBJU-cw7E/video/7681967955684363534","2026-09-05T16:40:30+08:00","15","1","0","0","0","0","0"
"ETCYY-US","etcyy.glam","#sohochic#tiktok#tiktokshop#ootd","https://www.tiktok.com/@MS4wLjABAAAAI95MRpE0J2k31jCljJSn-F0-knBxN1H-2B629ifUTuROBthPTMhoEBgJdtPsHfIL/video/7680840024195206431","2026-09-02T16:24:00+08:00","15","1","0","0","0","0","0"
"ETCYY-US","etcyy.vibes","#sohochic#tiktok#tiktokshop#ootd","https://www.tiktok.com/@MS4wLjABAAAAXhiLJGfuFXjsz8jJC7Xaebg4LFMP8HA-uFYWXldxI_udMGjoWd4xhdhbupkeG_5d/video/7681243511437495582","2026-09-03T17:48:07+08:00","15","1","0","0","0","0","0"
"ETCYY-US","etcyy.vibes","#sohochic#tiktok#tiktokshop#ootd","https://www.tiktok.com/@MS4wLjABAAAAXhiLJGfuFXjsz8jJC7Xaebg4LFMP8HA-uFYWXldxI_udMGjoWd4xhdhbupkeG_5d/video/7680835964842888479","2026-09-02T15:26:35+08:00","15","1","0","0","0","0","0"
"ETCYY-US","etcyy.vibes","#tiktok #tiktokshop #tood ","https://www.tiktok.com/@MS4wLjABAAAAXhiLJGfuFXjsz8jJC7Xaebg4LFMP8HA-uFYWXldxI_udMGjoWd4xhdhbupkeG_5d/video/7677963497627471134","2026-08-25T21:40:05+08:00","15","1","0","0","0","0","0"
"ETCYY-US","etcyy.outfits","#ootd #tiktokshop #boutiquefashion #chicstyle","https://www.tiktok.com/@MS4wLjABAAAAoQFJPQPYC22qIvVGvvvRC0g_My8pz54doaZlHyyB-tRzCgol_WB2xUmnrUdaPRmI/video/7681616561790045453","2026-09-04T20:26:00+08:00","15","1","0","0","0","0","0"
"ETCYY-US","etcyy.outfits","#ootd #tiktokshop #boutiquefashion #chicstyle","https://www.tiktok.com/@MS4wLjABAAAAoQFJPQPYC22qIvVGvvvRC0g_My8pz54doaZlHyyB-tRzCgol_WB2xUmnrUdaPRmI/video/7681616508258127118","2026-09-04T19:25:00+08:00","15","1","0","0","0","0","0"
"ETCYY-US","etcyy.outfits","#ootd #tiktokshop #boutiquefashion #chicstyle","https://www.tiktok.com/@MS4wLjABAAAAoQFJPQPYC22qIvVGvvvRC0g_My8pz54doaZlHyyB-tRzCgol_WB2xUmnrUdaPRmI/video/7681616878300597518","2026-09-04T17:56:58+08:00","15","1","0","0","0","0","0"
"ETCYY-US","etcyy.daily","#ootd #tiktokshop #denimfashion #streetwearstyle","https://www.tiktok.com/@MS4wLjABAAAAIn9Zn1XR3yoPHf7kI7b0dNMyczGiKiCXWt5uQC6k58sBwWdTeJeAX0uzcfrXFpcE/video/7681975017608924447","2026-09-05T17:07:41+08:00","15","1","0","0","0","0","0"
"ETCYY-US","etcyy.mode","#sohochic#tiktok#tiktokshop#ootd","https://www.tiktok.com/@MS4wLjABAAAAAzWwlO1snm3knv0nLXURI_21KQG9TG5Rl0IsUoNTIiH1nJlP5ORdCNRtOnNp_FBF/video/7680849619680611597","2026-09-02T16:19:39+08:00","15","1","0","0","0","0","0"
"ETCYY-US","etcyy.mode","#TwoInOneSweaterShirt #WomensOfficeWear #TrendyLayeredTop #StripedKni...","https://www.tiktok.com/@MS4wLjABAAAAAzWwlO1snm3knv0nLXURI_21KQG9TG5Rl0IsUoNTIiH1nJlP5ORdCNRtOnNp_FBF/video/7680126688503549198","2026-08-31T17:35:24+08:00","15","1","0","0","0","0","0"
"ETCYY-US","etcyy.mode","TikTok video #7677500787265686798","https://www.tiktok.com/@MS4wLjABAAAAAzWwlO1snm3knv0nLXURI_21KQG9TG5Rl0IsUoNTIiH1nJlP5ORdCNRtOnNp_FBF/video/7677500787265686798","2026-08-24T15:45:37+08:00","15","1","0","0","0","0","0"
"ETCYY-US","etcyy.trends","#TwoInOneSweaterShirt #WomensOfficeWear #TrendyLayeredTop #StripedKni...","https://www.tiktok.com/@MS4wLjABAAAAxjZhhWuHncPj_vKg81t30P0KBSD0vIEjkmVaF2TqCud5QgyDrA1hvlysd3ksAMex/video/7679395569789357325","2026-08-29T18:18:40+08:00","15","1","0","0","0","0","0"
"ETCYY-US","etcyy.trends","#tiktok #tiktokshop #ootd ","https://www.tiktok.com/@MS4wLjABAAAAxjZhhWuHncPj_vKg81t30P0KBSD0vIEjkmVaF2TqCud5QgyDrA1hvlysd3ksAMex/video/7678626828935875853","2026-08-27T19:05:00+08:00","15","1","0","0","0","0","0"
"ETCYY-US","etcyy.trends","#tiktok #tiktokshop #ootd ","https://www.tiktok.com/@MS4wLjABAAAAxjZhhWuHncPj_vKg81t30P0KBSD0vIEjkmVaF2TqCud5QgyDrA1hvlysd3ksAMex/video/7678626661302045966","2026-08-27T18:04:00+08:00","15","1","0","0","0","0","0"
"ETCYY-US","etcyy.wear","#ootd#WomensOfficeBlouse #StripedKnitTop #WorkWearForWomen ","https://www.tiktok.com/@MS4wLjABAAAASYmu1XGMcfs93-fOI77Urb73o1YDOmpOcA7fNZSv0jajFPiuSKiyyFHWc3bWvP-g/video/7678642088233241870","2026-08-27T17:33:20+08:00","15","1","0","0","0","0","0"
"ETCYY-US","etcyyfashion.us","#ootd #tiktokshop #womensfashion #summeroutfit","https://www.tiktok.com/@MS4wLjABAAAAp926TyS2DAQENQPGFLeFUMmbKXdhwNitFIkicm5Aw5Ep27vC7G5qDsoD_An3R6JY/video/7681985521161129230","2026-09-05T17:48:26+08:00","15","1","0","0","0","0","0"
"ETCYY-US","etcyycloset","#ootd #tiktokshop #womensfashion #summeroutfit","https://www.tiktok.com/@MS4wLjABAAAAaCwGq_3D-9xVRayIp3icS8N58NePtV5mre_jyDhWQjswQeXIrKxf3p1Wm-uUCb7V/video/7681986730886483213","2026-09-05T17:53:14+08:00","15","1","0","0","0","0","0"
"ETCYY-US","etcyycloset","#sohochic#tiktok#tiktokshop#ootd","https://www.tiktok.com/@MS4wLjABAAAAaCwGq_3D-9xVRayIp3icS8N58NePtV5mre_jyDhWQjswQeXIrKxf3p1Wm-uUCb7V/video/7680878334493904141","2026-09-02T19:40:00+08:00","15","1","0","0","0","0","0"
"ETCYY-US","etcyytrend","#sohochic#tiktok#tiktokshop#ootd","https://www.tiktok.com/@MS4wLjABAAAAprkcshaplh4GRVEjch2qyGQkMpJTwvj34syE0hr48OH6OQLpdV0X2lEQ0RGaSSJI/video/7680857927430753549","2026-09-02T19:21:00+08:00","15","1","0","0","0","0","0"
"ETCYY-US","etcyytrend","#ContrastPanelSweater #RibbedKnitTop #LongSleeveWorkShirt #DesignerLa...","https://www.tiktok.com/@MS4wLjABAAAAprkcshaplh4GRVEjch2qyGQkMpJTwvj34syE0hr48OH6OQLpdV0X2lEQ0RGaSSJI/video/7679397670858902797","2026-08-29T18:26:45+08:00","15","1","0","0","0","0","0"
"ETCYY","etcyy.girl","Ootd #ootd #earlyfallfashion #fyp","https://www.tiktok.com/@MS4wLjABAAAAED6sbt0gYEWU6akMi_DNMrZdwnMl5vHKWozKnOQrev5G2fpWaWyKhzy9WYwG3Yi2/video/7683418031128726798","2026-09-09T18:15:00+08:00","38","1","0","0","0","0","0"
"ETCYY","etfashion.chic","Comment “sale“，If you want a discount#swimwear #sale #ootd #DealsForY...","https://www.tiktok.com/@MS4wLjABAAAAE5ssFIRGpZ7TixzpemcgiI6nSAJdZChEl0f0HlBe1H1O3ecaA6QWaEVDzfgLdcAn/video/7683067996344012045","2026-09-08T15:48:06+08:00","12","1","0","0","0","0","0"
"ETCYY","etcyychic","Comment “sale“，If you want a discount#swimwear #sale #ootd #DealsForY...","https://www.tiktok.com/@MS4wLjABAAAA67cypz92QYqZmYg6fDgoLRPkXFvwonvRMfQTgbnU5iceQDLjyEX97uDleqIj141n/video/7683454791552421150","2026-09-09T16:49:01+08:00","14","1","0","0","0","0","0"
"ETCYY-US","etcyy.clothing","Comment “sale“，If you want a discount#2pieceset #outfit #fyp #tiktoks...","https://www.tiktok.com/@MS4wLjABAAAAyrl-2vBe_tJH8pTVAnpx0Og_G2XcHCcoICR6Y3ZzRf5A2poh7m03SlFMo4Wr48q9/video/7683466164630031629","2026-09-09T17:33:08+08:00","15","0","0","0","0","0",""
"ETCYY-US","etcyy.clothing","Comment “sale“，If you want a discount#2pieceset #outfit #fyp #tiktoks...","https://www.tiktok.com/@MS4wLjABAAAAyrl-2vBe_tJH8pTVAnpx0Og_G2XcHCcoICR6Y3ZzRf5A2poh7m03SlFMo4Wr48q9/video/7683450818590231821","2026-09-09T16:33:37+08:00","15","0","0","0","0","0",""
"ETCYY-US","etcyy.clothing","Comment “sale“，If you want a discount#dress #outfit #fyp #DealsForYou...","https://www.tiktok.com/@MS4wLjABAAAAyrl-2vBe_tJH8pTVAnpx0Og_G2XcHCcoICR6Y3ZzRf5A2poh7m03SlFMo4Wr48q9/video/7683064087818849550","2026-09-08T15:32:54+08:00","15","0","0","0","0","0",""
"ETCYY-US","etcyy.clothing","striped patchwork layered blouse#sweater #blouse #tiktokshopbacktosch...","https://www.tiktok.com/@MS4wLjABAAAAyrl-2vBe_tJH8pTVAnpx0Og_G2XcHCcoICR6Y3ZzRf5A2poh7m03SlFMo4Wr48q9/video/7682368118055783693","2026-09-06T18:33:26+08:00","14","0","0","0","0","0",""
"ETCYY-US","etcyy.shop","Comment “sale“，If you want a discount#2pieceset #outfit #fyp #tiktoks...","https://www.tiktok.com/@MS4wLjABAAAAk77v-F906GlGTkZZ5pEuTXeDeihRllX-eae_barUoG6rv7_TlXAxE563gn3C1XXo/video/7683451643492371742","2026-09-09T16:36:47+08:00","12","0","0","0","0","0",""
"ETCYY-US","etcyy.style","#sohochic#tiktok#tiktokshop#ootd","https://www.tiktok.com/@MS4wLjABAAAAQ3FFLKyG0bIqEGSl9sECwwUSBa9ardtZjxuurrr8cU1J7aq2bG_vJhHFQ5YOavmm/video/7680865276434337037","2026-09-02T17:20:22+08:00","15","0","0","0","0","0",""
"ETCYY-US","etcyy.outfits","#ootd #tiktokshop #boutiquefashion #chicstyle","https://www.tiktok.com/@MS4wLjABAAAAoQFJPQPYC22qIvVGvvvRC0g_My8pz54doaZlHyyB-tRzCgol_WB2xUmnrUdaPRmI/video/7682708292375825695","2026-09-07T16:33:06+08:00","15","0","0","0","0","0",""
"ETCYY-US","etcyy.outfits","#ootd #tiktokshop #boutiquefashion #chicstyle","https://www.tiktok.com/@MS4wLjABAAAAoQFJPQPYC22qIvVGvvvRC0g_My8pz54doaZlHyyB-tRzCgol_WB2xUmnrUdaPRmI/video/7681968447743380750","2026-09-05T16:42:33+08:00","15","0","0","0","0","0",""
"ETCYY-US","etcyy.outfits","#sohochic#tiktok#tiktokshop#ootd","https://www.tiktok.com/@MS4wLjABAAAAoQFJPQPYC22qIvVGvvvRC0g_My8pz54doaZlHyyB-tRzCgol_WB2xUmnrUdaPRmI/video/7680842928801008926","2026-09-02T15:53:40+08:00","15","0","0","0","0","0",""
"ETCYY-US","etcyy.daily","#tiktok #tiktokshop #ootd ","https://www.tiktok.com/@MS4wLjABAAAAIn9Zn1XR3yoPHf7kI7b0dNMyczGiKiCXWt5uQC6k58sBwWdTeJeAX0uzcfrXFpcE/video/7678623005471165726","2026-08-27T16:20:14+08:00","15","0","0","0","0","0",""
"ETCYY-US","etcyy.mode","#tiktok #tiktokshop #ootd ","https://www.tiktok.com/@MS4wLjABAAAAAzWwlO1snm3knv0nLXURI_21KQG9TG5Rl0IsUoNTIiH1nJlP5ORdCNRtOnNp_FBF/video/7678630391804218638","2026-08-27T16:49:29+08:00","15","0","0","0","0","0",""
"ETCYY-US","etcyy.trends","#tiktok #tiktokshop #ootd ","https://www.tiktok.com/@MS4wLjABAAAAxjZhhWuHncPj_vKg81t30P0KBSD0vIEjkmVaF2TqCud5QgyDrA1hvlysd3ksAMex/video/7677973085177253133","2026-08-26T00:46:00+08:00","15","0","0","0","0","0",""
"ETCYY-US","etcyycloset","#ootd #tiktokshop #womensfashion #summeroutfit","https://www.tiktok.com/@MS4wLjABAAAAaCwGq_3D-9xVRayIp3icS8N58NePtV5mre_jyDhWQjswQeXIrKxf3p1Wm-uUCb7V/video/7682751567732165902","2026-09-07T19:21:01+08:00","15","0","0","0","0","0",""
"ETCYY-US","etcyycloset","#sohochic#tiktok#tiktokshop#ootd","https://www.tiktok.com/@MS4wLjABAAAAaCwGq_3D-9xVRayIp3icS8N58NePtV5mre_jyDhWQjswQeXIrKxf3p1Wm-uUCb7V/video/7681247343647165710","2026-09-03T18:02:59+08:00","15","0","0","0","0","0",""
"ETCYY","etcyy.girl","ootd #ootd #fyp","https://www.tiktok.com/@MS4wLjABAAAAED6sbt0gYEWU6akMi_DNMrZdwnMl5vHKWozKnOQrev5G2fpWaWyKhzy9WYwG3Yi2/video/7683421858443611405","2026-09-10T08:15:00+08:00","38","0","0","0","0","0",""
"ETCYY","etcyy.girl","Ootd #ootd #fyp","https://www.tiktok.com/@MS4wLjABAAAAED6sbt0gYEWU6akMi_DNMrZdwnMl5vHKWozKnOQrev5G2fpWaWyKhzy9WYwG3Yi2/video/7683419828366871822","2026-09-09T22:25:00+08:00","38","0","0","0","0","0",""
"ETCYY","etcyy.girl","Ootd #ootd #earlyfallfashion #fyp","https://www.tiktok.com/@MS4wLjABAAAAED6sbt0gYEWU6akMi_DNMrZdwnMl5vHKWozKnOQrev5G2fpWaWyKhzy9WYwG3Yi2/video/7683418954638855437","2026-09-09T20:10:00+08:00","38","0","0","0","0","0",""
"ETCYY","etcyy.girl","ootd #ootd #fyp #earlyfallfashion","https://www.tiktok.com/@MS4wLjABAAAAED6sbt0gYEWU6akMi_DNMrZdwnMl5vHKWozKnOQrev5G2fpWaWyKhzy9WYwG3Yi2/video/7683417251604679950","2026-09-09T16:55:00+08:00","38","0","0","0","0","0",""
"ETCYY","etcyy.girl","outfit #outfit #ootd #fyp","https://www.tiktok.com/@MS4wLjABAAAAED6sbt0gYEWU6akMi_DNMrZdwnMl5vHKWozKnOQrev5G2fpWaWyKhzy9WYwG3Yi2/video/7683414208330992910","2026-09-10T00:50:00+08:00","38","0","0","0","0","0",""
"ETCYY","etcyy.girl","Autumn Outfit #fall #fashion #outift #fyp","https://www.tiktok.com/@MS4wLjABAAAAED6sbt0gYEWU6akMi_DNMrZdwnMl5vHKWozKnOQrev5G2fpWaWyKhzy9WYwG3Yi2/video/7683408320421498126","2026-09-09T13:48:37+08:00","38","0","0","0","0","0",""
"ETCYY","etcyy.girl","Ootd #ootd #fyp","https://www.tiktok.com/@MS4wLjABAAAAED6sbt0gYEWU6akMi_DNMrZdwnMl5vHKWozKnOQrev5G2fpWaWyKhzy9WYwG3Yi2/video/7683422464696782094","2026-09-10T10:05:00+08:00","38","0","0","0","0","0",""
"ETCYY","etcyy.girl","Ootd #ootd #fyp","https://www.tiktok.com/@MS4wLjABAAAAED6sbt0gYEWU6akMi_DNMrZdwnMl5vHKWozKnOQrev5G2fpWaWyKhzy9WYwG3Yi2/video/7683423554372734222","2026-09-10T12:05:00+08:00","38","0","0","0","0","0",""
"ETCYY","etfashion.chic","Comment “sale“，If you want a discount#swimwear #sale #ootd #DealsForY...","https://www.tiktok.com/@MS4wLjABAAAAE5ssFIRGpZ7TixzpemcgiI6nSAJdZChEl0f0HlBe1H1O3ecaA6QWaEVDzfgLdcAn/video/7683439032705076494","2026-09-09T15:47:53+08:00","11","0","0","0","0","0",""
"ETCYY","etfashion.chic","bow-back cutout swimsuit#swimwear #SwimsuitKiller #onepieceswimsuit #...","https://www.tiktok.com/@MS4wLjABAAAAE5ssFIRGpZ7TixzpemcgiI6nSAJdZChEl0f0HlBe1H1O3ecaA6QWaEVDzfgLdcAn/video/7681955975615515917","2026-09-05T15:53:50+08:00","15","0","0","0","0","0",""
"ETCYY","etcyychic","Comment “sale“，If you want a discount#swimwear #sale #ootd #DealsForY...","https://www.tiktok.com/@MS4wLjABAAAA67cypz92QYqZmYg6fDgoLRPkXFvwonvRMfQTgbnU5iceQDLjyEX97uDleqIj141n/video/7683439864821353758","2026-09-09T15:51:04+08:00","15","0","0","0","0","0",""